year,source_page,source_order,wikipedia_title,qid,wikidata_label,release_year,box_office
1970,List_of_American_films_of_1970,146,The Conformist (1970 film),Q1198812,The Conformist,1970,207269000
1970,List_of_American_films_of_1970,173,The Aristocats,Q184701,The Aristocats,1970,191000000
1970,List_of_American_films_of_1970,179,Love Story (1970 film),Q729991,Love Story,1970,173400000
1970,List_of_American_films_of_1970,25,Airport (1970 film),Q409022,Airport,1970,128400000
1970,List_of_American_films_of_1970,15,Patton (film),Q217220,Patton,1970,61800000
1970,List_of_American_films_of_1970,78,Sleeping Beauty (1959 film),Q215617,Sleeping Beauty,1959,51600000
1970,List_of_American_films_of_1970,35,Woodstock (film),Q956288,Woodstock,1970,50000000
1970,List_of_American_films_of_1970,184,Little Big Man (film),Q1132535,Little Big Man,1970,31600000
1970,List_of_American_films_of_1970,66,Beneath the Planet of the Apes,Q469620,Beneath the Planet of the Apes,1970,18999718
1970,List_of_American_films_of_1970,124,Five Easy Pieces,Q1116991,Five Easy Pieces,1970,18099091
1970,List_of_American_films_of_1970,13,The Honeymoon Killers,Q1626875,The Honeymoon Killers,1970,11000000
1970,List_of_American_films_of_1970,87,Kelly's Heroes,Q756920,Kelly's Heroes,1970,5200000
1970,List_of_American_films_of_1970,72,Two Mules for Sister Sara,Q934911,Two Mules for Sister Sara,1970,5050000
1970,List_of_American_films_of_1970,64,Too Late the Hero (film),Q227478,Too Late the Hero,1970,1590000
1970,List_of_American_films_of_1970,60,Borsalino (film),Q894172,Borsalino,1970,1090000
1971,List_of_American_films_of_1971,191,Diamonds Are Forever (film),Q107914,Diamonds Are Forever,1971,115999985
1971,List_of_American_films_of_1971,177,Lady and the Tramp,Q172284,Lady and the Tramp,1955,93933394
1971,List_of_American_films_of_1971,134,The French Connection (film),Q220735,The French Connection,1971,75000000
1971,List_of_American_films_of_1971,189,Dirty Harry,Q110206,Dirty Harry,1971,35988495
1971,List_of_American_films_of_1971,180,A Clockwork Orange (film),Q181086,A Clockwork Orange,1971,26589355
1971,List_of_American_films_of_1971,74,Willard (1971 film),Q1542073,Willard,1971,14545941
1971,List_of_American_films_of_1971,29,Vanishing Point (1971 film),Q586880,Vanishing Point,1971,12442673
1971,List_of_American_films_of_1971,28,The Andromeda Strain (film),Q499036,The Andromeda Strain,1971,12376563
1971,List_of_American_films_of_1971,58,Escape from the Planet of the Apes,Q469639,Escape from the Planet of the Apes,1971,12348905
1971,List_of_American_films_of_1971,48,Bananas (film),Q806092,Bananas,1971,11833696
1971,List_of_American_films_of_1971,95,The Devils (film),Q655996,The Devils,1971,11000000
1971,List_of_American_films_of_1971,140,Play Misty for Me,Q544434,Play Misty for Me,1971,10600000
1971,List_of_American_films_of_1971,80,McCabe & Mrs. Miller,Q1423362,McCabe & Mrs. Miller,1971,8200000
1971,List_of_American_films_of_1971,60,Big Jake,Q858954,Big Jake,1971,7500000
1971,List_of_American_films_of_1971,88,Willy Wonka & the Chocolate Factory,Q936327,Willy Wonka & the Chocolate Factory,1971,4000000
1972,List_of_American_films_of_1972,23,The Godfather,Q47703,The Godfather,1972,270007394
1972,List_of_American_films_of_1972,123,The Poseidon Adventure (1972 film),Q874496,The Poseidon Adventure,1972,125000000
1972,List_of_American_films_of_1972,73,Deliverance,Q814778,Deliverance,1972,46122355
1972,List_of_American_films_of_1972,135,Jeremiah Johnson (film),Q1325034,Jeremiah Johnson,1972,44693786
1972,List_of_American_films_of_1972,9,Cabaret (1972 film),Q918363,Cabaret,1972,41401689
1972,List_of_American_films_of_1972,124,The Getaway (1972 film),Q471864,The Getaway,1972,36734619
1972,List_of_American_films_of_1972,52,Frenzy,Q221587,Frenzy,1972,12600000
1972,List_of_American_films_of_1972,126,The Heartbreak Kid (1972 film),Q1338889,The Heartbreak Kid,1972,12208000
1972,List_of_American_films_of_1972,137,The Sword in the Stone (1963 film),Q204662,The Sword in the Stone,1963,12000000
1972,List_of_American_films_of_1972,59,Conquest of the Planet of the Apes,Q469646,Conquest of the Planet of the Apes,1972,9043472
1972,List_of_American_films_of_1972,19,Pink Flamingos,Q1140590,Pink Flamingos,1972,6000000
1972,List_of_American_films_of_1972,138,Way of the Dragon,Q462409,Way of the Dragon,1972,5307350
1972,List_of_American_films_of_1972,21,Fist of Fury,Q253565,Fist of Fury,1972,4431423
1972,List_of_American_films_of_1972,40,The Other (1972 film),Q1059536,The Other,1972,3500000
1972,List_of_American_films_of_1972,12,Tales from the Crypt (film),Q1615432,Tales from the Crypt,1972,3000000
1973,List_of_American_films_of_1973,202,The Exorcist,Q274167,The Exorcist,1973,441306145
1973,List_of_American_films_of_1973,98,Live and Let Die (film),Q27204,Live and Let Die,1973,161800000
1973,List_of_American_films_of_1973,131,Enter the Dragon,Q331617,Enter the Dragon,1973,90000000
1973,List_of_American_films_of_1973,189,Papillon (1973 film),Q596965,Papillon,1973,53267000
1973,List_of_American_films_of_1973,201,Magnum Force,Q458852,Magnum Force,1973,39768000
1973,List_of_American_films_of_1973,128,Romeo and Juliet (1968 film),Q517265,Romeo and Juliet,1968,38900000
1973,List_of_American_films_of_1973,185,My Name is Nobody,Q964009,My Name is Nobody,1973,35423232
1973,List_of_American_films_of_1973,165,Robin Hood (1973 film),Q19090,Robin Hood,1973,32056467
1973,List_of_American_films_of_1973,70,Paper Moon (film),Q603162,Paper Moon,1973,30933743
1973,List_of_American_films_of_1973,176,Serpico,Q657079,Serpico,1973,29857432
1973,List_of_American_films_of_1973,132,High Plains Drifter,Q906705,High Plains Drifter,1973,15706540
1973,List_of_American_films_of_1973,86,Battle for the Planet of the Apes,Q469654,Battle for the Planet of the Apes,1973,8844595
1973,List_of_American_films_of_1973,61,Soylent Green,Q426196,Soylent Green,1973,3600000
1974,List_of_American_films_of_1974,168,The Towering Inferno,Q372959,The Towering Inferno,1974,203300000
1974,List_of_American_films_of_1974,131,Airport 1975,Q392924,Airport 1975,1974,103000000
1974,List_of_American_films_of_1974,174,The Man with the Golden Gun (film),Q309289,The Man with the Golden Gun,1974,97600000
1974,List_of_American_films_of_1974,169,Young Frankenstein,Q651923,Young Frankenstein,1974,86273333
1974,List_of_American_films_of_1974,151,Earthquake (1974 film),Q500280,Earthquake,1974,79666653
1974,List_of_American_films_of_1974,171,The Godfather Part II,Q184768,The Godfather Part II,1974,47960085
1974,List_of_American_films_of_1974,160,Murder on the Orient Express (1974 film),Q3241699,Murder on the Orient Express,1974,35700000
1974,List_of_American_films_of_1974,86,My Name Is Nobody,Q964009,My Name is Nobody,1973,35423232
1974,List_of_American_films_of_1974,122,The Texas Chain Saw Massacre,Q886597,The Texas Chain Saw Massacre,1974,30860378
1974,List_of_American_films_of_1974,69,Chinatown (1974 film),Q644987,Chinatown,1974,29225935
1974,List_of_American_films_of_1974,90,Death Wish (1974 film),Q841961,Death Wish,1974,22000000
1974,List_of_American_films_of_1974,60,Thunderbolt and Lightfoot,Q1219013,Thunderbolt and Lightfoot,1974,21700000
1974,List_of_American_films_of_1974,124,The Taking of Pelham One Two Three (1974 film),Q633171,The Taking of Pelham One Two Three,1974,18700000
1974,List_of_American_films_of_1974,166,Alice Doesn't Live Here Anymore,Q916431,Alice Doesn't Live Here Anymore,1974,18600000
1974,List_of_American_films_of_1974,154,Beyond the Door (1974 film),Q3667377,Beyond the Door,1974,15000000
1975,List_of_American_films_of_1975,77,Jaws (film),Q189505,Jaws,1975,497170756
1975,List_of_American_films_of_1975,7,Footprints on the Moon (1975 film),Q3828934,Footprints on the Moon,1975,202505676
1975,List_of_American_films_of_1975,151,One Flew Over the Cuckoo's Nest (film),Q171669,One Flew Over the Cuckoo's Nest,1975,109114817
1975,List_of_American_films_of_1975,173,Snow White and the Seven Dwarfs (1937 film),Q134430,Snow White and the Seven Dwarfs,1937,83000000
1975,List_of_American_films_of_1975,120,Dog Day Afternoon,Q458656,Dog Day Afternoon,1975,50000000
1975,List_of_American_films_of_1975,39,"Aloha, Bobby and Rose",Q4734176,"Aloha, Bobby and Rose",1975,35000000
1975,List_of_American_films_of_1975,93,White Line Fever (film),Q3277693,White Line Fever,1975,35000000
1975,List_of_American_films_of_1975,70,Love and Death,Q1218888,Love and Death,1975,20123742
1975,List_of_American_films_of_1975,167,Barry Lyndon,Q471716,Barry Lyndon,1975,20000000
1975,List_of_American_films_of_1975,35,Supervixens,Q1551593,Supervixens,1975,17000000
1975,List_of_American_films_of_1975,168,The Man Who Would Be King (film),Q1042931,The Man Who Would Be King,1975,11000000
1975,List_of_American_films_of_1975,71,Nashville (film),Q1424258,Nashville,1975,9991258
1975,List_of_American_films_of_1975,42,Death Race 2000,Q647870,Death Race 2000,1975,8000000
1975,List_of_American_films_of_1975,109,Picnic at Hanging Rock (film),Q1421747,Picnic at Hanging Rock,1975,5120000
1975,List_of_American_films_of_1975,43,Monty Python and the Holy Grail,Q25043,Monty Python and the Holy Grail,1975,5028948
1976,List_of_American_films_of_1976,139,Rocky,Q188652,Rocky,1976,225000000
1976,List_of_American_films_of_1976,7,Taxi Driver,Q47221,Taxi Driver,1976,117442400
1976,List_of_American_films_of_1976,145,Alice in Wonderland (1976 film),Q1761330,Alice in Wonderland,1976,90000000
1976,List_of_American_films_of_1976,35,All the President's Men (film),Q466781,All the President's Men,1976,70600000
1976,List_of_American_films_of_1976,75,The Omen,Q836298,The Omen,1976,60900000
1976,List_of_American_films_of_1976,156,The Enforcer (1976 film),Q592457,The Enforcer,1976,46236000
1976,List_of_American_films_of_1976,68,Midway (1976 film),Q1708667,Midway,1976,43220000
1976,List_of_American_films_of_1976,131,Carrie (1976 film),Q162672,Carrie,1976,33800000
1976,List_of_American_films_of_1976,73,Murder by Death,Q288098,Murder by Death,1976,32549247
1976,List_of_American_films_of_1976,77,The Outlaw Josey Wales,Q477630,The Outlaw Josey Wales,1976,31800000
1976,List_of_American_films_of_1976,58,A Clockwork Orange (film),Q181086,A Clockwork Orange,1971,26589355
1976,List_of_American_films_of_1976,141,Network (1976 film),Q572165,Network,1976,23690757
1976,List_of_American_films_of_1976,117,Marathon Man (film),Q1195727,Marathon Man,1976,21709020
1976,List_of_American_films_of_1976,152,The Cassandra Crossing,Q706586,The Cassandra Crossing,1976,15300000
1976,List_of_American_films_of_1976,36,Family Plot,Q47296,Family Plot,1976,13200000
1977,List_of_American_films_of_1977,47,Star Wars (film),Q17738,Star Wars: Episode IV – A New Hope,1977,775398007
1977,List_of_American_films_of_1977,123,Close Encounters of the Third Kind,Q320588,Close Encounters of the Third Kind,1977,306889114
1977,List_of_American_films_of_1977,50,Smokey and the Bandit,Q521948,Smokey and the Bandit,1977,300000000
1977,List_of_American_films_of_1977,136,Saturday Night Fever,Q47654,Saturday Night Fever,1977,237100000
1977,List_of_American_films_of_1977,68,The Spy Who Loved Me (film),Q320423,The Spy Who Loved Me,1977,185400000
1977,List_of_American_films_of_1977,63,The Rescuers,Q39722,The Rescuers,1977,169000000
1977,List_of_American_films_of_1977,22,Airport '77,Q1346658,Airport '77,1977,91000000
1977,List_of_American_films_of_1977,58,A Bridge Too Far (film),Q467053,A Bridge Too Far,1977,50750000
1977,List_of_American_films_of_1977,34,Annie Hall,Q233464,Annie Hall,1977,38300000
1977,List_of_American_films_of_1977,139,The Gauntlet (film),Q577306,The Gauntlet,1977,35400000
1977,List_of_American_films_of_1977,143,High Anxiety,Q1449248,High Anxiety,1977,31063038
1977,List_of_American_films_of_1977,14,Slap Shot (film),Q1752478,Slap Shot,1977,28000000
1977,List_of_American_films_of_1977,77,The Hills Have Eyes (1977 film),Q994724,The Hills Have Eyes,1977,25000000
1977,List_of_American_films_of_1977,21,Black Sunday (1977 film),Q1298893,Black Sunday,1977,15769322
1977,List_of_American_films_of_1977,76,Orca (1977 film),Q647316,Orca,1977,14717854
1978,List_of_American_films_of_1978,107,Star Wars (film),Q17738,Star Wars: Episode IV – A New Hope,1977,775398007
1978,List_of_American_films_of_1978,83,Grease (film),Q267721,Grease,1978,395000000
1978,List_of_American_films_of_1978,178,Superman (1978 film),Q213053,Superman,1978,300478449
1978,List_of_American_films_of_1978,84,Jaws 2,Q1199834,Jaws 2,1978,208000000
1978,List_of_American_films_of_1978,79,The Jungle Book (1967 film),Q199839,The Jungle Book,1967,205843612
1978,List_of_American_films_of_1978,109,National Lampoon's Animal House,Q960125,Animal House,1978,141607219
1978,List_of_American_films_of_1978,179,Pinocchio (1940 film),Q4341553,Pinocchio,1940,121892045
1978,List_of_American_films_of_1978,181,Every Which Way but Loose (film),Q1195524,Every Which Way but Loose,1978,85196485
1978,List_of_American_films_of_1978,151,Halloween (1978 film),Q221103,Halloween,1978,70274000
1978,List_of_American_films_of_1978,44,Dawn of the Dead (1978 film),Q219155,Dawn of the Dead,1978,66000000
1978,List_of_American_films_of_1978,1,Coma (1978 film),Q498383,Coma,1978,50000000
1978,List_of_American_films_of_1978,174,The Deer Hunter,Q201674,The Deer Hunter,1978,50000000
1978,List_of_American_films_of_1978,92,Convoy (1978 film),Q510388,Convoy,1978,45000000
1978,List_of_American_films_of_1978,141,Midnight Express (film),Q174699,Midnight Express,1978,35000000
1978,List_of_American_films_of_1978,167,The Lord of the Rings (1978 film),Q378913,The Lord of the Rings,1978,30471420
1979,List_of_American_films_of_1979,104,Star Wars (film),Q17738,Star Wars: Episode IV – A New Hope,1977,775398007
1979,List_of_American_films_of_1979,53,Jaws (film),Q189505,Jaws,1975,497170756
1979,List_of_American_films_of_1979,30,The Exorcist,Q274167,The Exorcist,1973,441306145
1979,List_of_American_films_of_1979,78,Moonraker (film),Q334780,Moonraker,1979,210308099
1979,List_of_American_films_of_1979,160,Star Trek: The Motion Picture,Q107940,Star Trek: The Motion Picture,1979,144000000
1979,List_of_American_films_of_1979,51,Alien (film),Q103569,Alien,1979,106285522
1979,List_of_American_films_of_1979,167,Kramer vs. Kramer,Q193577,Kramer vs. Kramer,1979,106000000
1979,List_of_American_films_of_1979,102,Apocalypse Now,Q182692,Apocalypse Now,1979,92158064
1979,List_of_American_films_of_1979,72,The Muppet Movie,Q1518589,The Muppet Movie,1979,65810475
1979,List_of_American_films_of_1979,96,The Concorde ... Airport '79,Q409064,The Concorde ... Airport '79,1979,65000000
1979,List_of_American_films_of_1979,121,Sleeping Beauty (1959 film),Q215617,Sleeping Beauty,1959,51600000
1979,List_of_American_films_of_1979,69,Escape from Alcatraz (film),Q496316,Escape from Alcatraz,1979,43005351
1979,List_of_American_films_of_1979,63,The In-Laws (1979 film),Q1766888,The In-Laws,1979,38200000
1979,List_of_American_films_of_1979,169,All That Jazz (film),Q1353441,All That Jazz,1979,37823676
1979,List_of_American_films_of_1979,171,The Black Hole (1979 film),Q304029,The Black Hole,1979,35841901
1980,List_of_American_films_of_1980,61,The Empire Strikes Back,Q181795,Star Wars: Episode V – The Empire Strikes Back,1980,547879454
1980,List_of_American_films_of_1980,181,The Aristocats,Q184701,The Aristocats,1970,191000000
1980,List_of_American_films_of_1980,10,2001: A Space Odyssey (film),Q103474,2001: A Space Odyssey,1968,190700000
1980,List_of_American_films_of_1980,80,The Blues Brothers (film),Q109767,The Blues Brothers,1980,115229890
1980,List_of_American_films_of_1980,172,Superman II,Q267672,Superman II,1980,108185706
1980,List_of_American_films_of_1980,26,Lady and the Tramp,Q172284,Lady and the Tramp,1955,93933394
1980,List_of_American_films_of_1980,126,Ordinary People,Q503313,Ordinary People,1980,90000000
1980,List_of_American_films_of_1980,86,Airplane!,Q497256,Airplane!,1980,83453539
1980,List_of_American_films_of_1980,174,Popeye (1980 film),Q941944,Popeye,1980,60000000
1980,List_of_American_films_of_1980,90,The Blue Lagoon (1980 film),Q83767,The Blue Lagoon,1980,58853106
1980,List_of_American_films_of_1980,65,The Shining (film),Q186341,The Shining,1980,47299460
1980,List_of_American_films_of_1980,57,Fame (1980 film),Q1351911,Fame,1980,42000000
1980,List_of_American_films_of_1980,95,Cheech & Chong's Next Movie,Q4423293,Cheech and Chong's Next Movie,1980,41675194
1980,List_of_American_films_of_1980,122,The Gods Must Be Crazy,Q647665,The Gods Must Be Crazy,1980,34000000
1980,List_of_American_films_of_1980,101,Dressed to Kill (1980 film),Q980308,Dressed to Kill,1980,31899000
1981,List_of_American_films_of_1981,36,Star Wars (film),Q17738,Star Wars: Episode IV – A New Hope,1977,775398007
1981,List_of_American_films_of_1981,68,Raiders of the Lost Ark,Q174284,Raiders of the Lost Ark,1981,389900000
1981,List_of_American_films_of_1981,69,The Cannonball Run,Q759359,The Cannonball Run,1981,160000000
1981,List_of_American_films_of_1981,71,Superman II,Q267672,Superman II,1980,108185706
1981,List_of_American_films_of_1981,152,Cinderella (1950 film),Q191753,Cinderella,1950,96383330
1981,List_of_American_films_of_1981,107,Das Boot,Q62730,Das Boot,1981,84970337
1981,List_of_American_films_of_1981,63,Clash of the Titans (1981 film),Q1049545,Clash of the Titans,1981,70000000
1981,List_of_American_films_of_1981,80,The Fox and the Hound,Q40302,The Fox and the Hound,1981,63456988
1981,List_of_American_films_of_1981,156,Chariots of Fire,Q207921,Chariots of Fire,1981,59303359
1981,List_of_American_films_of_1981,138,Time Bandits,Q1426318,Time Bandits,1981,42368025
1981,List_of_American_films_of_1981,155,Sharky's Machine (film),Q1755064,Sharky's Machine,1981,35610100
1981,List_of_American_films_of_1981,82,Endless Love (1981 film),Q388408,Endless Love,1981,32400000
1981,List_of_American_films_of_1981,87,Escape to Victory,Q696122,Escape to Victory,1981,27453418
1981,List_of_American_films_of_1981,79,Escape from New York,Q403033,Escape from New York,1981,25274965
1981,List_of_American_films_of_1981,102,Body Heat,Q472096,Body Heat,1981,24058838
1982,List_of_American_films_of_1982,67,E.T. the Extra-Terrestrial,Q11621,E.T. the Extra-Terrestrial,1982,792910554
1982,List_of_American_films_of_1982,60,Rocky III,Q241504,Rocky III,1982,270000000
1982,List_of_American_films_of_1982,63,Bambi,Q43051,Bambi,1942,267447150
1982,List_of_American_films_of_1982,158,Tootsie,Q221249,Tootsie,1982,177200000
1982,List_of_American_films_of_1982,116,First Blood,Q244963,First Blood,1982,125212904
1982,List_of_American_films_of_1982,66,Star Trek II: The Wrath of Khan,Q465478,Star Trek II: The Wrath of Khan,1982,97000000
1982,List_of_American_films_of_1982,156,Peter Pan (1953 film),Q270470,Peter Pan,1953,87404651
1982,List_of_American_films_of_1982,142,48 Hrs.,Q844887,48 Hrs.,1982,78868508
1982,List_of_American_films_of_1982,34,Fantasia (1940 film),Q943192,Fantasia,1940,76411819
1982,List_of_American_films_of_1982,51,Conan the Barbarian (1982 film),Q309003,Conan the Barbarian,1982,68851475
1982,List_of_American_films_of_1982,144,The Verdict,Q679373,The Verdict,1982,53993738
1982,List_of_American_films_of_1982,143,Gandhi (film),Q202211,Gandhi,1982,52800000
1982,List_of_American_films_of_1982,75,Tron,Q626483,Tron,1982,50000000
1982,List_of_American_films_of_1982,70,Firefox (film),Q1418932,Firefox,1982,46708276
1982,List_of_American_films_of_1982,71,Blade Runner,Q184843,Blade Runner,1982,41722424
1983,List_of_American_films_of_1983,57,Return of the Jedi,Q181803,Star Wars: Episode VI – Return of the Jedi,1983,475100000
1983,List_of_American_films_of_1983,127,Moonraker (film),Q334780,Moonraker,1979,210308099
1983,List_of_American_films_of_1983,63,Octopussy,Q204398,Octopussy,1983,187500000
1983,List_of_American_films_of_1983,154,The Rescuers,Q39722,The Rescuers,1977,169000000
1983,List_of_American_films_of_1983,113,Never Say Never Again,Q180279,Never Say Never Again,1983,160000000
1983,List_of_American_films_of_1983,147,Sudden Impact,Q785461,Sudden Impact,1983,150000000
1983,List_of_American_films_of_1983,73,Jaws 3-D,Q1199837,Jaws 3-D,1983,88000000
1983,List_of_American_films_of_1983,61,WarGames,Q504697,WarGames,1983,79567667
1983,List_of_American_films_of_1983,126,From Russia with Love (film),Q106571,From Russia with Love,1963,78900000
1983,List_of_American_films_of_1983,146,Scarface (1983 film),Q47075,Scarface,1983,65884703
1983,List_of_American_films_of_1983,76,National Lampoon's Vacation,Q1219310,National Lampoon's Vacation,1983,61399552
1983,List_of_American_films_of_1983,64,Superman III,Q528095,Superman III,1983,59950623
1983,List_of_American_films_of_1983,107,The Big Chill (film),Q1198794,The Big Chill,1983,56399659
1983,List_of_American_films_of_1983,32,Monty Python's The Meaning of Life,Q24980,Monty Python's The Meaning of Life,1983,42700000
1983,List_of_American_films_of_1983,49,Blue Thunder,Q1171141,Blue Thunder,1983,42313354
1984,List_of_American_films_of_1984,55,Indiana Jones and the Temple of Doom,Q179215,Indiana Jones and the Temple of Doom,1984,333100000
1984,List_of_American_films_of_1984,153,Beverly Hills Cop,Q722267,Beverly Hills Cop,1984,316360478
1984,List_of_American_films_of_1984,60,Ghostbusters,Q108745,Ghostbusters,1984,295200000
1984,List_of_American_films_of_1984,61,Gremlins,Q241958,Gremlins,1984,212900000
1984,List_of_American_films_of_1984,78,The Jungle Book (1967 film),Q199839,The Jungle Book,1967,205843612
1984,List_of_American_films_of_1984,27,Police Academy (film),Q1248429,Police Academy,1984,149800000
1984,List_of_American_films_of_1984,171,Pinocchio (1940 film),Q4341553,Pinocchio,1940,121892045
1984,List_of_American_films_of_1984,105,Amadeus (film),Q190956,Amadeus,1984,90000000
1984,List_of_American_films_of_1984,57,Star Trek III: The Search for Spock,Q221305,Star Trek III: The Search for Spock,1984,87000000
1984,List_of_American_films_of_1984,33,Romancing the Stone,Q502629,Romancing the Stone,1984,86572238
1984,List_of_American_films_of_1984,135,The Terminator,Q162255,The Terminator,1984,78371200
1984,List_of_American_films_of_1984,24,Splash (film),Q1127184,Splash,1984,69821334
1984,List_of_American_films_of_1984,93,Tightrope (film),Q1125083,Tightrope,1984,48143579
1984,List_of_American_films_of_1984,154,2010 (film),Q211784,2010: The Year We Make Contact,1984,40400657
1984,List_of_American_films_of_1984,87,Red Dawn,Q506400,Red Dawn,1984,38376497
1985,List_of_American_films_of_1985,94,E.T. the Extra-Terrestrial,Q11621,E.T. the Extra-Terrestrial,1982,792910554
1985,List_of_American_films_of_1985,84,Back to the Future,Q91540,Back to the Future,1985,383336762
1985,List_of_American_films_of_1985,169,Rocky IV,Q387638,Rocky IV,1985,300473716
1985,List_of_American_films_of_1985,68,Rambo: First Blood Part II,Q319783,Rambo: First Blood Part II,1985,300400432
1985,List_of_American_films_of_1985,181,Out of Africa (film),Q208266,Out of Africa,1985,227500000
1985,List_of_American_films_of_1985,183,One Hundred and One Dalmatians,Q165512,One Hundred and One Dalmatians,1961,215880014
1985,List_of_American_films_of_1985,124,Gremlins,Q241958,Gremlins,1984,212900000
1985,List_of_American_films_of_1985,69,A View to a Kill,Q332368,A View to a Kill,1985,152400000
1985,List_of_American_films_of_1985,19,Witness (1985 film),Q488041,Witness,1985,116100000
1985,List_of_American_films_of_1985,180,The Color Purple (1985 film),Q223299,The Color Purple,1985,98400000
1985,List_of_American_films_of_1985,175,The Jewel of the Nile,Q759420,The Jewel of the Nile,1985,96773200
1985,List_of_American_films_of_1985,16,Fantasia (1940 film),Q943192,Fantasia,1940,76411819
1985,List_of_American_films_of_1985,72,The Goonies,Q636043,The Goonies,1985,63980721
1985,List_of_American_films_of_1985,174,Spies Like Us,Q1474279,Spies Like Us,1985,60000000
1985,List_of_American_films_of_1985,135,Commando (1985 film),Q744551,Commando,1985,57491000
1986,List_of_American_films_of_1986,68,Top Gun,Q110138,Top Gun,1986,357288178
1986,List_of_American_films_of_1986,137,Crocodile Dundee,Q615254,Crocodile Dundee,1986,328203506
1986,List_of_American_films_of_1986,183,Platoon (film),Q190643,Platoon,1986,138545632
1986,List_of_American_films_of_1986,171,Star Trek IV: The Voyage Home,Q471842,Star Trek IV: The Voyage Home,1986,133000000
1986,List_of_American_films_of_1986,100,Aliens (film),Q104814,Aliens,1986,131060248
1986,List_of_American_films_of_1986,174,Heartbreak Ridge,Q741196,Heartbreak Ridge,1986,121700000
1986,List_of_American_films_of_1986,180,Lady and the Tramp,Q172284,Lady and the Tramp,1955,93933394
1986,List_of_American_films_of_1986,136,The Name of the Rose (film),Q155018,The Name of the Rose,1986,77200000
1986,List_of_American_films_of_1986,79,Ferris Bueller's Day Off,Q498906,Ferris Bueller's Day Off,1986,70720215
1986,List_of_American_films_of_1986,123,The Fly (1986 film),Q468700,The Fly,1986,60629159
1986,List_of_American_films_of_1986,142,The Color of Money,Q470916,The Color of Money,1986,52293982
1986,List_of_American_films_of_1986,36,Sleeping Beauty (1959 film),Q215617,Sleeping Beauty,1959,51600000
1986,List_of_American_films_of_1986,145,Peggy Sue Got Married,Q903257,Peggy Sue Got Married,1986,41382841
1986,List_of_American_films_of_1986,65,Short Circuit (1986 film),Q540125,Short Circuit,1986,40697761
1986,List_of_American_films_of_1986,181,Little Shop of Horrors (1986 film),Q1199259,Little Shop of Horrors,1986,39032786
1987,List_of_American_films_of_1987,128,Fatal Attraction,Q504157,Fatal Attraction,1987,320100000
1987,List_of_American_films_of_1987,63,Beverly Hills Cop II,Q525860,Beverly Hills Cop II,1987,299965036
1987,List_of_American_films_of_1987,116,Dirty Dancing,Q253978,Dirty Dancing,1987,213954274
1987,List_of_American_films_of_1987,98,The Living Daylights,Q272064,The Living Daylights,1987,191199996
1987,List_of_American_films_of_1987,39,The Aristocats,Q184701,The Aristocats,1970,191000000
1987,List_of_American_films_of_1987,208,"Good Morning, Vietnam",Q741878,"Good Morning, Vietnam",1987,123900000
1987,List_of_American_films_of_1987,202,Moonstruck,Q1336107,Moonstruck,1987,122100000
1987,List_of_American_films_of_1987,29,Lethal Weapon,Q462447,Lethal Weapon,1987,120207127
1987,List_of_American_films_of_1987,6,The Color Purple (1985 film),Q223299,The Color Purple,1985,98400000
1987,List_of_American_films_of_1987,73,Predator (film),Q200804,Predator,1987,98268458
1987,List_of_American_films_of_1987,181,Cinderella (1950 film),Q191753,Cinderella,1950,96383330
1987,List_of_American_films_of_1987,118,Apocalypse Now,Q182692,Apocalypse Now,1979,92158064
1987,List_of_American_films_of_1987,92,Snow White and the Seven Dwarfs (1937 film),Q134430,Snow White and the Seven Dwarfs,1937,83000000
1987,List_of_American_films_of_1987,70,The Untouchables (film),Q108525,The Untouchables,1987,76270454
1987,List_of_American_films_of_1987,206,Broadcast News (film),Q1539062,Broadcast News,1987,67331309
1988,List_of_American_films_of_1988,225,Rain Man,Q188845,Rain Man,1988,354800000
1988,List_of_American_films_of_1988,101,Who Framed Roger Rabbit,Q379873,Who Framed Roger Rabbit,1988,329803958
1988,List_of_American_films_of_1988,103,Coming to America,Q493755,Coming to America,1988,288800000
1988,List_of_American_films_of_1988,110,Bambi,Q43051,Bambi,1942,267447150
1988,List_of_American_films_of_1988,85,Crocodile Dundee II,Q1140745,Crocodile Dundee II,1988,239606210
1988,List_of_American_films_of_1988,218,Twins (1988 film),Q785157,Twins,1988,216614388
1988,List_of_American_films_of_1988,112,A Fish Called Wanda,Q466186,A Fish Called Wanda,1988,188600000
1988,List_of_American_films_of_1988,89,Big (film),Q858467,Big,1988,151927281
1988,List_of_American_films_of_1988,111,Die Hard,Q105598,Die Hard,1988,141603197
1988,List_of_American_films_of_1988,84,Willow (1988 film),Q515931,Willow,1988,137600000
1988,List_of_American_films_of_1988,204,Oliver & Company,Q216929,Oliver & Company,1988,121000000
1988,List_of_American_films_of_1988,201,The Land Before Time (film),Q192403,The Land Before Time,1988,84460846
1988,List_of_American_films_of_1988,213,The Naked Gun: From the Files of Police Squad!,Q832047,The Naked Gun: From the Files of Police Squad!,1988,78756177
1988,List_of_American_films_of_1988,44,Beetlejuice,Q320384,Beetlejuice,1988,73707000
1988,List_of_American_films_of_1988,40,The Fox and the Hound,Q40302,The Fox and the Hound,1981,63456988
1989,List_of_American_films_of_1989,81,Indiana Jones and the Last Crusade,Q185658,Indiana Jones and the Last Crusade,1989,474200000
1989,List_of_American_films_of_1989,91,Batman (1989 film),Q116852,Batman,1989,411569241
1989,List_of_American_films_of_1989,181,Back to the Future Part II,Q109331,Back to the Future Part II,1989,332500002
1989,List_of_American_films_of_1989,151,Look Who's Talking,Q1324330,Look Who's Talking,1989,297000000
1989,List_of_American_films_of_1989,84,Dead Poets Society,Q106316,Dead Poets Society,1989,235860116
1989,List_of_American_films_of_1989,98,Lethal Weapon 2,Q751767,Lethal Weapon 2,1989,227853986
1989,List_of_American_films_of_1989,92,"Honey, I Shrunk the Kids",Q1426248,"Honey, I Shrunk the Kids",1989,222700000
1989,List_of_American_films_of_1989,90,Ghostbusters II,Q492214,Ghostbusters II,1989,215394738
1989,List_of_American_films_of_1989,177,The Little Mermaid (1989 film),Q190135,The Little Mermaid,1989,184155863
1989,List_of_American_films_of_1989,39,The Rescuers,Q39722,The Rescuers,1977,169000000
1989,List_of_American_films_of_1989,197,Born on the Fourth of July (film),Q471159,Born on the Fourth of July,1989,161000000
1989,List_of_American_films_of_1989,99,Licence to Kill,Q309086,Licence to Kill,1989,156167015
1989,List_of_American_films_of_1989,191,Driving Miss Daisy,Q211373,Driving Miss Daisy,1989,145793296
1989,List_of_American_films_of_1989,134,Black Rain (1989 American film),Q1048085,Black Rain,1989,134212055
1989,List_of_American_films_of_1989,157,The Bear (1988 film),Q379460,The Bear,1988,100000000
1990,List_of_American_films_of_1990,105,Ghost (1990 film),Q49003,Ghost,1990,506000000
1990,List_of_American_films_of_1990,191,Home Alone,Q105031,Home Alone,1990,476684675
1990,List_of_American_films_of_1990,44,Pretty Woman,Q207954,Pretty Woman,1990,463406268
1990,List_of_American_films_of_1990,195,Dances with Wolves,Q20456,Dances with Wolves,1990,424208848
1990,List_of_American_films_of_1990,88,Total Recall (1990 film),Q222018,Total Recall,1990,261299840
1990,List_of_American_films_of_1990,84,Back to the Future Part III,Q230552,Back to the Future Part III,1990,245077583
1990,List_of_American_films_of_1990,102,Die Hard 2,Q105993,Die Hard 2,1990,240031274
1990,List_of_American_films_of_1990,116,Presumed Innocent (film),Q777629,Presumed Innocent,1990,221300000
1990,List_of_American_films_of_1990,107,The Jungle Book (1967 film),Q199839,The Jungle Book,1967,205843612
1990,List_of_American_films_of_1990,48,Teenage Mutant Ninja Turtles (1990 film),Q58439,Teenage Mutant Ninja Turtles,1990,202084756
1990,List_of_American_films_of_1990,218,Kindergarten Cop,Q257630,Kindergarten Cop,1990,201957688
1990,List_of_American_films_of_1990,28,The Hunt for Red October (film),Q507994,The Hunt for Red October,1990,200512643
1990,List_of_American_films_of_1990,93,Dick Tracy (1990 film),Q1209853,Dick Tracy,1990,162738726
1990,List_of_American_films_of_1990,89,Another 48 Hrs.,Q645263,Another 48 Hrs.,1990,153518974
1990,List_of_American_films_of_1990,222,The Godfather Part III,Q202326,The Godfather Part III,1990,136766062
1991,List_of_American_films_of_1991,94,Terminator 2: Judgment Day,Q170564,Terminator 2: Judgment Day,1991,520881154
1991,List_of_American_films_of_1991,188,Beauty and the Beast (1991 film),Q179673,Beauty and the Beast,1991,424967620
1991,List_of_American_films_of_1991,87,Robin Hood: Prince of Thieves,Q486822,Robin Hood: Prince of Thieves,1991,390500000
1991,List_of_American_films_of_1991,196,Hook (film),Q646389,Hook,1991,300854823
1991,List_of_American_films_of_1991,21,The Silence of the Lambs (film),Q133654,The Silence of the Lambs,1991,272742922
1991,List_of_American_films_of_1991,96,One Hundred and One Dalmatians,Q165512,One Hundred and One Dalmatians,1961,215880014
1991,List_of_American_films_of_1991,200,JFK (film),Q741823,JFK,1991,205405498
1991,List_of_American_films_of_1991,186,The Addams Family (1991 film),Q1210947,The Addams Family,1991,191502426
1991,List_of_American_films_of_1991,181,Cape Fear (1991 film),Q501995,Cape Fear,1991,182291969
1991,List_of_American_films_of_1991,194,Star Trek VI: The Undiscovered Country,Q579757,Star Trek VI: The Undiscovered Country,1991,96800000
1991,List_of_American_films_of_1991,92,The Naked Gun 2½: The Smell of Fear,Q502979,The Naked Gun 2½: The Smell of Fear,1991,86930411
1991,List_of_American_films_of_1991,98,Point Break,Q1146552,Point Break,1991,83000000
1991,List_of_American_films_of_1991,117,Double Impact,Q847545,Double Impact,1991,80500000
1991,List_of_American_films_of_1991,43,Teenage Mutant Ninja Turtles II: The Secret of the Ooze,Q1326619,Teenage Mutant Ninja Turtles II: The Secret of the Ooze,1991,78656813
1991,List_of_American_films_of_1991,71,What About Bob?,Q998377,What About Bob?,1991,63707829
1992,List_of_American_films_of_1992,196,Aladdin (1992 Disney film),Q215518,Aladdin,1992,504050219
1992,List_of_American_films_of_1992,197,The Bodyguard (1992 film),Q725946,The Bodyguard,1992,411006740
1992,List_of_American_films_of_1992,193,Home Alone 2: Lost in New York,Q221202,Home Alone 2: Lost in New York,1992,358994850
1992,List_of_American_films_of_1992,37,Basic Instinct,Q146673,Basic Instinct,1992,352900000
1992,List_of_American_films_of_1992,81,Lethal Weapon 3,Q751769,Lethal Weapon 3,1992,321731527
1992,List_of_American_films_of_1992,97,Batman Returns,Q189054,Batman Returns,1992,266915287
1992,List_of_American_films_of_1992,201,A Few Good Men,Q108946,A Few Good Men,1992,243200000
1992,List_of_American_films_of_1992,90,Sister Act,Q776302,Sister Act,1992,231600000
1992,List_of_American_films_of_1992,188,Bram Stoker's Dracula (1992 film),Q107325,Bram Stoker's Dracula,1992,215862692
1992,List_of_American_films_of_1992,16,Wayne's World (film),Q1146194,Wayne's World,1992,183097323
1992,List_of_American_films_of_1992,94,Patriot Games (film),Q855222,Patriot Games,1992,178051587
1992,List_of_American_films_of_1992,83,Alien 3,Q108543,Alien 3,1992,159814498
1992,List_of_American_films_of_1992,123,Unforgiven,Q104137,Unforgiven,1992,159167799
1992,List_of_American_films_of_1992,170,Under Siege,Q385798,Under Siege,1992,156563139
1992,List_of_American_films_of_1992,118,Death Becomes Her,Q1160186,Death Becomes Her,1992,149022650
1993,List_of_American_films_of_1993,100,Jurassic Park (film),Q167726,Jurassic Park,1993,1030314141
1993,List_of_American_films_of_1993,206,Mrs. Doubtfire,Q483852,Mrs. Doubtfire,1993,441300000
1993,List_of_American_films_of_1993,124,The Fugitive (1993 film),Q156309,The Fugitive,1993,368875760
1993,List_of_American_films_of_1993,219,Schindler's List,Q483941,Schindler's List,1993,322139355
1993,List_of_American_films_of_1993,108,The Firm (1993 film),Q821692,The Firm,1993,270200000
1993,List_of_American_films_of_1993,54,Indecent Proposal,Q603448,Indecent Proposal,1993,266600000
1993,List_of_American_films_of_1993,87,Cliffhanger (1993 film),Q824389,Cliffhanger,1993,255000211
1993,List_of_American_films_of_1993,105,Sleepless in Seattle,Q107167,Sleepless in Seattle,1993,227927165
1993,List_of_American_films_of_1993,224,Philadelphia (film),Q204057,Philadelphia,1993,206700000
1993,List_of_American_films_of_1993,111,In the Line of Fire,Q427386,In the Line of Fire,1993,176997168
1993,List_of_American_films_of_1993,166,Cool Runnings,Q282748,Cool Runnings,1993,154856263
1993,List_of_American_films_of_1993,101,Last Action Hero,Q858840,Last Action Hero,1993,137298489
1993,List_of_American_films_of_1993,85,Sliver (film),Q581642,Sliver,1993,116000000
1993,List_of_American_films_of_1993,202,Addams Family Values,Q204725,Addams Family Values,1993,110900000
1993,List_of_American_films_of_1993,19,Groundhog Day (film),Q488655,Groundhog Day,1993,105000000
1994,List_of_American_films_of_1994,96,The Lion King,Q36479,The Lion King,1994,968511805
1994,List_of_American_films_of_1994,106,Forrest Gump,Q134773,Forrest Gump,1994,678151134
1994,List_of_American_films_of_1994,112,True Lies,Q110397,True Lies,1994,378882411
1994,List_of_American_films_of_1994,122,The Mask (1994 film),Q219421,The Mask,1994,351600000
1994,List_of_American_films_of_1994,93,Speed (1994 film),Q108006,Speed,1994,350448145
1994,List_of_American_films_of_1994,83,The Flintstones (film),Q602094,The Flintstones,1994,341600000
1994,List_of_American_films_of_1994,213,Dumb and Dumber,Q462418,Dumb and Dumber,1994,247300000
1994,List_of_American_films_of_1994,31,Four Weddings and a Funeral,Q901213,Four Weddings and a Funeral,1994,245700832
1994,List_of_American_films_of_1994,195,Interview with the Vampire (film),Q318910,Interview with the Vampire,1994,223700000
1994,List_of_American_films_of_1994,124,Clear and Present Danger (film),Q1392442,Clear and Present Danger,1994,215887717
1994,List_of_American_films_of_1994,210,Disclosure (1994 film),Q1330619,Disclosure,1994,214015089
1994,List_of_American_films_of_1994,177,Pulp Fiction,Q104123,Pulp Fiction,1994,213928762
1994,List_of_American_films_of_1994,189,Stargate (film),Q105801,Stargate,1994,196567262
1994,List_of_American_films_of_1994,169,The Specialist,Q471423,The Specialist,1994,170362582
1994,List_of_American_films_of_1994,82,Beverly Hills Cop III,Q654736,Beverly Hills Cop III,1994,119208989
1995,List_of_American_films_of_1995,211,Toy Story,Q171048,Toy Story,1995,394436586
1995,List_of_American_films_of_1995,80,Die Hard with a Vengeance,Q106871,Die Hard with a Vengeance,1995,366101666
1995,List_of_American_films_of_1995,106,Apollo 13 (film),Q106428,Apollo 13,1995,355237933
1995,List_of_American_films_of_1995,204,GoldenEye,Q19089,GoldenEye,1995,352194034
1995,List_of_American_films_of_1995,100,Pocahontas (1995 film),Q218894,Pocahontas,1995,346079773
1995,List_of_American_films_of_1995,98,Batman Forever,Q221345,Batman Forever,1995,336567158
1995,List_of_American_films_of_1995,162,Seven (1995 film),Q190908,Seven,1995,327333559
1995,List_of_American_films_of_1995,88,Casper (film),Q1048166,Casper,1995,287928194
1995,List_of_American_films_of_1995,123,Waterworld,Q272595,Waterworld,1995,264218220
1995,List_of_American_films_of_1995,221,Jumanji (film),Q222939,Jumanji,1995,262800000
1995,List_of_American_films_of_1995,124,Babe (film),Q720724,Babe,1995,254100000
1995,List_of_American_films_of_1995,86,Braveheart,Q162729,Braveheart,1995,213200000
1995,List_of_American_films_of_1995,198,Ace Ventura: When Nature Calls,Q340127,Ace Ventura: When Nature Calls,1995,212385533
1995,List_of_American_films_of_1995,33,Outbreak (1995 film),Q495513,Outbreak,1995,189800000
1995,List_of_American_films_of_1995,220,Heat (1995 film),Q42198,Heat,1995,187436818
1996,List_of_American_films_of_1996,122,Independence Day (1996 film),Q105387,Independence Day,1996,817400891
1996,List_of_American_films_of_1996,95,Twister (1996 film),Q683663,Twister,1996,494580615
1996,List_of_American_films_of_1996,99,Mission: Impossible (film),Q1741232,Mission: Impossible,1996,457696391
1996,List_of_American_films_of_1996,107,The Rock (film),Q216720,The Rock,1996,335062621
1996,List_of_American_films_of_1996,116,The Hunchback of Notre Dame (1996 film),Q213787,The Hunchback of Notre Dame,1996,325338851
1996,List_of_American_films_of_1996,249,101 Dalmatians (1996 film),Q8594,101 Dalmatians,1996,320689294
1996,List_of_American_films_of_1996,235,Ransom (1996 film),Q752362,Ransom,1996,309492681
1996,List_of_American_films_of_1996,118,The Nutty Professor (1996 film),Q936576,The Nutty Professor,1996,273961019
1996,List_of_American_films_of_1996,257,Jerry Maguire,Q329131,Jerry Maguire,1996,273600000
1996,List_of_American_films_of_1996,115,Eraser (film),Q370326,Eraser,1996,242295562
1996,List_of_American_films_of_1996,238,The English Patient (film),Q63026,The English Patient,1996,232000000
1996,List_of_American_films_of_1996,240,Space Jam,Q207659,Space Jam,1996,230400000
1996,List_of_American_films_of_1996,37,The Birdcage,Q1160005,The Birdcage,1996,185260553
1996,List_of_American_films_of_1996,213,Sleepers (film),Q1145732,Sleepers,1996,165615285
1996,List_of_American_films_of_1996,135,A Time to Kill (1996 film),Q498867,A Time to Kill,1996,152266007
1997,List_of_American_films_of_1997,234,Titanic (1997 film),Q44578,Titanic,1997,1850197130
1997,List_of_American_films_of_1997,16,Star Wars (film),Q17738,Star Wars: Episode IV – A New Hope,1977,775398007
1997,List_of_American_films_of_1997,92,The Lost World: Jurassic Park,Q200873,The Lost World: Jurassic Park,1997,618638999
1997,List_of_American_films_of_1997,111,Men in Black (1997 film),Q51416,Men in Black,1997,589390539
1997,List_of_American_films_of_1997,29,The Empire Strikes Back,Q181795,Star Wars: Episode V – The Empire Strikes Back,1980,547879454
1997,List_of_American_films_of_1997,44,Return of the Jedi,Q181803,Star Wars: Episode VI – Return of the Jedi,1983,475100000
1997,List_of_American_films_of_1997,235,Tomorrow Never Dies,Q207916,Tomorrow Never Dies,1997,333011068
1997,List_of_American_films_of_1997,124,Air Force One (film),Q407184,Air Force One,1997,315156409
1997,List_of_American_films_of_1997,237,As Good as It Gets,Q221594,As Good as It Gets,1997,314000000
1997,List_of_American_films_of_1997,47,Liar Liar,Q48980,Liar Liar,1997,302700000
1997,List_of_American_films_of_1997,106,My Best Friend's Wedding,Q918380,My Best Friend's Wedding,1997,299288605
1997,List_of_American_films_of_1997,139,The Full Monty,Q775970,The Full Monty,1997,257938649
1997,List_of_American_films_of_1997,98,Hercules (1997 film),Q271189,Hercules,1997,252712101
1997,List_of_American_films_of_1997,190,Bean (film),Q752103,Bean,1997,251200000
1997,List_of_American_films_of_1997,110,Face/Off,Q223887,Face/Off,1997,245676146
1998,List_of_American_films_of_1998,120,Armageddon (1998 film),Q208344,Armageddon,1998,553709788
1998,List_of_American_films_of_1998,134,Saving Private Ryan,Q165817,Saving Private Ryan,1998,482349603
1998,List_of_American_films_of_1998,47,Grease (film),Q267721,Grease,1978,395000000
1998,List_of_American_films_of_1998,89,Godzilla (1998 film),Q24075,Godzilla,1998,379014294
1998,List_of_American_films_of_1998,127,There's Something About Mary,Q177374,There's Something About Mary,1998,369900000
1998,List_of_American_films_of_1998,222,A Bug's Life,Q216153,A Bug's Life,1998,363300000
1998,List_of_American_films_of_1998,82,Deep Impact (film),Q49498,Deep Impact,1998,349000000
1998,List_of_American_films_of_1998,112,Mulan (1998 film),Q537407,Mulan,1998,304300000
1998,List_of_American_films_of_1998,116,Dr. Dolittle (film),Q663014,Dr. Dolittle,1998,294500000
1998,List_of_American_films_of_1998,230,Shakespeare in Love,Q182944,Shakespeare in Love,1998,289300000
1998,List_of_American_films_of_1998,122,Lethal Weapon 4,Q429397,Lethal Weapon 4,1998,285444603
1998,List_of_American_films_of_1998,100,The Truman Show,Q214801,The Truman Show,1998,264118201
1998,List_of_American_films_of_1998,236,You've Got Mail,Q284229,You've Got Mail,1998,250821495
1998,List_of_American_films_of_1998,218,Enemy of the State (film),Q177930,Enemy of the State,1998,250600000
1998,List_of_American_films_of_1998,128,The Mask of Zorro,Q309621,The Mask of Zorro,1998,250288523
1999,List_of_American_films_of_1999,168,Princess Mononoke,Q186572,Princess Mononoke,1997,20180000000
1999,List_of_American_films_of_1999,66,Star Wars: Episode I – The Phantom Menace,Q165713,Star Wars: Episode I – The Phantom Menace,1999,1027082707
1999,List_of_American_films_of_1999,110,The Sixth Sense,Q183063,The Sixth Sense,1999,672806292
1999,List_of_American_films_of_1999,187,Toy Story 2,Q187266,Toy Story 2,1999,497400000
1999,List_of_American_films_of_1999,42,The Matrix,Q83495,The Matrix,1999,467222728
1999,List_of_American_films_of_1999,82,Tarzan (1999 film),Q208696,Tarzan,1999,448200000
1999,List_of_American_films_of_1999,60,The Mummy (1999 film),Q202508,The Mummy,1999,415933406
1999,List_of_American_films_of_1999,71,Notting Hill (film),Q200672,Notting Hill,1999,363889678
1999,List_of_American_films_of_1999,181,The World Is Not Enough,Q212145,The World Is Not Enough,1999,361832400
1999,List_of_American_films_of_1999,143,American Beauty (1999 film),Q25139,American Beauty,1999,356296601
1999,List_of_American_films_of_1999,77,Austin Powers: The Spy Who Shagged Me,Q487978,Austin Powers: The Spy Who Shagged Me,1999,312016858
1999,List_of_American_films_of_1999,103,Runaway Bride (film),Q1160813,Runaway Bride,1999,309457509
1999,List_of_American_films_of_1999,205,Stuart Little (film),Q1048958,Stuart Little,1999,300135367
1999,List_of_American_films_of_1999,197,The Green Mile (film),Q208263,The Green Mile,1999,286801374
1999,List_of_American_films_of_1999,92,The Blair Witch Project,Q644554,The Blair Witch Project,1999,248639099
2000,List_of_American_films_of_2000,76,Mission: Impossible 2,Q505790,Mission: Impossible 2,2000,546388108
2000,List_of_American_films_of_2000,63,Gladiator (2000 film),Q128518,Gladiator,2000,460583960
2000,List_of_American_films_of_2000,139,The Exorcist,Q274167,The Exorcist,1973,441306145
2000,List_of_American_films_of_2000,205,Cast Away,Q213411,Cast Away,2000,429632142
2000,List_of_American_films_of_2000,203,What Women Want,Q156394,What Women Want,2000,374111707
2000,List_of_American_films_of_2000,72,Dinosaur (2000 film),Q476329,Dinosaur,2000,349800000
2000,List_of_American_films_of_2000,184,How the Grinch Stole Christmas (2000 film),Q131864,Dr. Seuss' How the Grinch Stole Christmas,2000,345100000
2000,List_of_American_films_of_2000,156,Meet the Parents,Q623724,Meet the Parents,2000,330400000
2000,List_of_American_films_of_2000,90,The Perfect Storm (film),Q508349,The Perfect Storm,2000,328700000
2000,List_of_American_films_of_2000,94,X-Men (film),Q106182,X-Men,2000,296300000
2000,List_of_American_films_of_2000,99,What Lies Beneath,Q570481,What Lies Beneath,2000,291400000
2000,List_of_American_films_of_2000,93,Scary Movie,Q219424,Scary Movie,2000,278019771
2000,List_of_American_films_of_2000,175,Charlie's Angels (2000 film),Q229599,Charlie's Angels,2000,264100000
2000,List_of_American_films_of_2000,32,Erin Brockovich (film),Q220955,Erin Brockovich,2000,256271286
2000,List_of_American_films_of_2000,189,Unbreakable (film),Q650613,Unbreakable,2000,248100000
2001,List_of_American_films_of_2001,162,Harry Potter and the Philosopher's Stone (film),Q102438,Harry Potter and the Philosopher's Stone,2001,978087613
2001,List_of_American_films_of_2001,183,The Lord of the Rings: The Fellowship of the Ring,Q127367,The Lord of the Rings: The Fellowship of the Ring,2001,896997510
2001,List_of_American_films_of_2001,152,"Monsters, Inc.",Q187726,"Monsters, Inc.",2001,632316649
2001,List_of_American_films_of_2001,61,Shrek,Q483815,Shrek,2001,488351320
2001,List_of_American_films_of_2001,176,Ocean's Eleven,Q205447,Ocean's Eleven,2001,450717150
2001,List_of_American_films_of_2001,63,Pearl Harbor (film),Q194413,Pearl Harbor,2001,449200000
2001,List_of_American_films_of_2001,57,The Mummy Returns,Q320461,The Mummy Returns,2001,433013274
2001,List_of_American_films_of_2001,88,Jurassic Park III,Q1102220,Jurassic Park III,2001,368780809
2001,List_of_American_films_of_2001,92,Planet of the Apes (2001 film),Q469624,Planet of the Apes,2001,362211740
2001,List_of_American_films_of_2001,13,Hannibal (2001 film),Q722682,Hannibal,2001,351692268
2001,List_of_American_films_of_2001,97,Rush Hour 2,Q830208,Rush Hour 2,2001,347325802
2001,List_of_American_films_of_2001,47,Bridget Jones's Diary,Q752313,Bridget Jones's Diary,2001,334273313
2001,List_of_American_films_of_2001,184,A Beautiful Mind (film),Q164103,A Beautiful Mind,2001,313500000
2001,List_of_American_films_of_2001,100,American Pie 2,Q329127,American Pie 2,2001,287553595
2001,List_of_American_films_of_2001,74,Lara Croft: Tomb Raider,Q464014,Lara Croft: Tomb Raider,2001,274703340
2002,List_of_American_films_of_2002,150,Spirited Away,Q155653,Spirited Away,2001,31680000000
2002,List_of_American_films_of_2002,202,The Lord of the Rings: The Two Towers,Q164963,The Lord of the Rings: The Two Towers,2002,944737929
2002,List_of_American_films_of_2002,182,Harry Potter and the Chamber of Secrets (film),Q102244,Harry Potter and the Chamber of Secrets,2002,879793867
2002,List_of_American_films_of_2002,68,Spider-Man (2002 film),Q484442,Spider-Man,2002,825025036
2002,List_of_American_films_of_2002,41,E.T. the Extra-Terrestrial,Q11621,E.T. the Extra-Terrestrial,1982,792910554
2002,List_of_American_films_of_2002,72,Star Wars: Episode II – Attack of the Clones,Q181069,Star Wars: Episode II – Attack of the Clones,2002,653779970
2002,List_of_American_films_of_2002,103,Men in Black II,Q156597,Men in Black II,2002,445135288
2002,List_of_American_films_of_2002,183,Die Another Day,Q30931,Die Another Day,2002,431971116
2002,List_of_American_films_of_2002,1,Beauty and the Beast (1991 film),Q179673,Beauty and the Beast,1991,424967620
2002,List_of_American_films_of_2002,119,Signs (film),Q22432,Signs,2002,408000000
2002,List_of_American_films_of_2002,36,Ice Age (2002 film),Q305250,Ice Age,2002,383257136
2002,List_of_American_films_of_2002,60,My Big Fat Greek Wedding,Q525415,My Big Fat Greek Wedding,2002,368744044
2002,List_of_American_films_of_2002,96,Minority Report (film),Q244604,Minority Report,2002,358372926
2002,List_of_American_films_of_2002,145,Apollo 13 (film),Q106428,Apollo 13,1995,355237933
2002,List_of_American_films_of_2002,209,Catch Me If You Can,Q208108,Catch Me If You Can,2002,352114312
2003,List_of_American_films_of_2003,186,The Lord of the Rings: The Return of the King,Q131074,The Lord of the Rings: The Return of the King,2003,1148950891
2003,List_of_American_films_of_2003,70,Finding Nemo,Q132863,Finding Nemo,2003,969023261
2003,List_of_American_films_of_2003,64,The Matrix Reloaded,Q189600,The Matrix Reloaded,2003,739412035
2003,List_of_American_films_of_2003,89,Pirates of the Caribbean: The Curse of the Black Pearl,Q46717,Pirates of the Caribbean: The Curse of the Black Pearl,2003,654264015
2003,List_of_American_films_of_2003,67,Bruce Almighty,Q207816,Bruce Almighty,2003,484572835
2003,List_of_American_films_of_2003,179,The Last Samurai,Q207130,The Last Samurai,2003,456758981
2003,List_of_American_films_of_2003,88,Terminator 3: Rise of the Machines,Q29054009,Terminator 3: Rise of the Machines,2003,433371112
2003,List_of_American_films_of_2003,160,The Matrix Revolutions,Q207536,The Matrix Revolutions,2003,427343298
2003,List_of_American_films_of_2003,61,X2 (film),Q219776,X2,2003,407700000
2003,List_of_American_films_of_2003,92,Bad Boys II,Q539269,Bad Boys II they become more rebellious,2003,273339556
2003,List_of_American_films_of_2003,184,Something's Gotta Give (film),Q584766,Something's Gotta Give,2003,266700000
2003,List_of_American_films_of_2003,83,Charlie's Angels: Full Throttle,Q229603,Charlie's Angels: Full Throttle,2003,259200000
2003,List_of_American_films_of_2003,159,Brother Bear,Q215365,Brother Bear,2003,250397798
2003,List_of_American_films_of_2003,162,Love Actually,Q190588,Love Actually,2003,246942017
2003,List_of_American_films_of_2003,81,Hulk (film),Q696042,Hulk,2003,245360480
2004,List_of_American_films_of_2004,66,Shrek 2,Q485983,Shrek 2,2004,923075336
2004,List_of_American_films_of_2004,76,Harry Potter and the Prisoner of Azkaban (film),Q102448,Harry Potter and the Prisoner of Azkaban,2004,797361618
2004,List_of_American_films_of_2004,89,Spider-Man 2,Q190145,Spider-Man 2,2004,788976453
2004,List_of_American_films_of_2004,161,The Incredibles,Q213326,The Incredibles,2004,631606713
2004,List_of_American_films_of_2004,22,The Passion of the Christ,Q51668,The Passion of the Christ,2004,610061517
2004,List_of_American_films_of_2004,70,The Day After Tomorrow,Q14320,The Day After Tomorrow,2004,542771772
2004,List_of_American_films_of_2004,187,Meet the Fockers,Q740489,Meet the Fockers,2004,516600000
2004,List_of_American_films_of_2004,65,Troy (film),Q186587,Troy,2004,497409852
2004,List_of_American_films_of_2004,141,Shark Tale,Q120367,Shark Tale,2004,367300000
2004,List_of_American_films_of_2004,180,Ocean's Twelve,Q504053,Ocean's Twelve,2004,362989076
2004,List_of_American_films_of_2004,99,"I, Robot (film)",Q200572,"I, Robot",2004,353133898
2004,List_of_American_films_of_2004,170,National Treasure (film),Q309366,National Treasure,2004,347512318
2004,List_of_American_films_of_2004,163,The Polar Express (film),Q862197,The Polar Express,2004,311365072
2004,List_of_American_films_of_2004,61,Van Helsing (film),Q211009,Van Helsing,2004,300157638
2004,List_of_American_films_of_2004,100,The Bourne Supremacy (film),Q156608,The Bourne Supremacy,2004,290835269
2005,List_of_American_films_of_2005,76,Howl's Moving Castle (film),Q29011,Howl's Moving Castle,2004,19600000000
2005,List_of_American_films_of_2005,64,Star Wars: Episode III – Revenge of the Sith,Q42051,Star Wars: Episode III – Revenge of the Sith,2005,905595947
2005,List_of_American_films_of_2005,170,Harry Potter and the Goblet of Fire (film),Q102225,Harry Potter and the Goblet of Fire,2005,895921036
2005,List_of_American_films_of_2005,181,"The Chronicles of Narnia: The Lion, the Witch and the Wardrobe",Q485803,"The Chronicles of Narnia: The Lion, the Witch and the Wardrobe",2005,745013115
2005,List_of_American_films_of_2005,83,War of the Worlds (2005 film),Q202028,War of the Worlds,2005,603873119
2005,List_of_American_films_of_2005,184,King Kong (2005 film),Q160215,King Kong,2005,550517357
2005,List_of_American_films_of_2005,67,Madagascar (2005 film),Q174555,Madagascar,2005,542063846
2005,List_of_American_films_of_2005,75,Mr. & Mrs. Smith (2005 film),Q191040,Mr. & Mrs. Smith,2005,478207520
2005,List_of_American_films_of_2005,87,Charlie and the Chocolate Factory (film),Q218235,Charlie and the Chocolate Factory,2005,475000000
2005,List_of_American_films_of_2005,78,Batman Begins,Q166262,Batman Begins,2005,374218673
2005,List_of_American_films_of_2005,15,Hitch (film),Q943338,Hitch,2005,368100000
2005,List_of_American_films_of_2005,86,Fantastic Four (2005 film),Q224130,Fantastic Four,2005,330600000
2005,List_of_American_films_of_2005,161,Chicken Little (2005 film),Q270940,Chicken Little,2005,314400000
2005,List_of_American_films_of_2005,175,The Polar Express (film),Q862197,The Polar Express,2004,311365072
2005,List_of_American_films_of_2005,88,Wedding Crashers,Q238866,Wedding Crashers,2005,285200000
2006,List_of_American_films_of_2006,98,Pirates of the Caribbean: Dead Man's Chest,Q161087,Pirates of the Caribbean: Dead Man's Chest,2006,1066179725
2006,List_of_American_films_of_2006,76,The Da Vinci Code (film),Q160560,The Da Vinci Code,2006,760006945
2006,List_of_American_films_of_2006,47,Ice Age: The Meltdown,Q190910,Ice Age: The Meltdown,2006,667036530
2006,List_of_American_films_of_2006,188,Casino Royale (2006 film),Q151904,Casino Royale,2006,609447995
2006,List_of_American_films_of_2006,221,Night at the Museum,Q387601,Night at the Museum,2006,574481229
2006,List_of_American_films_of_2006,85,Cars (film),Q182153,Cars,2006,461991867
2006,List_of_American_films_of_2006,80,X-Men: The Last Stand,Q221168,X-Men: The Last Stand,2006,459400000
2006,List_of_American_films_of_2006,71,Mission: Impossible III,Q288173,Mission: Impossible III,2006,398479497
2006,List_of_American_films_of_2006,96,Superman Returns,Q328695,Superman Returns,2006,391081192
2006,List_of_American_films_of_2006,191,Happy Feet,Q126800,Happy Feet,2006,384335608
2006,List_of_American_films_of_2006,77,Over the Hedge,Q245366,Over the Hedge,2006,336002996
2006,List_of_American_films_of_2006,97,The Devil Wears Prada (film),Q223316,The Devil Wears Prada,2006,326551094
2006,List_of_American_films_of_2006,213,The Pursuit of Happyness,Q220515,The Pursuit of Happyness,2006,307100000
2006,List_of_American_films_of_2006,154,The Departed,Q172975,The Departed,2006,291480452
2006,List_of_American_films_of_2006,174,Borat! Cultural Learnings of America for Make Benefit Glorious Nation of Kazakhstan,Q186323,Borat,2006,262552893
2007,List_of_American_films_of_2007,96,Pirates of the Caribbean: At World's End,Q54274,Pirates of the Caribbean: At World's End,2007,960996492
2007,List_of_American_films_of_2007,122,Harry Potter and the Order of the Phoenix (film),Q102235,Harry Potter and the Order of the Phoenix,2007,941676843
2007,List_of_American_films_of_2007,84,Spider-Man 3,Q182212,Spider-Man 3,2007,890871626
2007,List_of_American_films_of_2007,93,Shrek the Third,Q486588,Shrek the Third,2007,813367380
2007,List_of_American_films_of_2007,118,Transformers (film),Q171453,Transformers,2007,709709780
2007,List_of_American_films_of_2007,115,Ratatouille (film),Q170035,Ratatouille,2007,623722818
2007,List_of_American_films_of_2007,232,I Am Legend (film),Q212689,I Am Legend,2007,585349010
2007,List_of_American_films_of_2007,132,The Simpsons Movie,Q182254,The Simpsons Movie,2007,527071022
2007,List_of_American_films_of_2007,236,National Treasure: Book of Secrets,Q388360,National Treasure: Book of Secrets,2007,457400000
2007,List_of_American_films_of_2007,38,300 (film),Q131390,300,2006,456068181
2007,List_of_American_films_of_2007,134,The Bourne Ultimatum (film),Q107226,The Bourne Ultimatum,2007,444100035
2007,List_of_American_films_of_2007,113,Live Free or Die Hard,Q50861,Live Free or Die Hard,2007,388156011
2007,List_of_American_films_of_2007,227,The Golden Compass (film),Q637021,The Golden Compass,2007,372234864
2007,List_of_American_films_of_2007,231,Alvin and the Chipmunks (film),Q387348,Alvin and the Chipmunks,2007,361300000
2007,List_of_American_films_of_2007,217,Enchanted (film),Q490464,Enchanted,2007,340487652
2008,List_of_American_films_of_2008,136,The Dark Knight,Q163872,The Dark Knight,2008,1006234167
2008,List_of_American_films_of_2008,107,Indiana Jones and the Kingdom of the Crystal Skull,Q182373,Indiana Jones and the Kingdom of the Crystal Skull,2008,790653942
2008,List_of_American_films_of_2008,114,Kung Fu Panda (film),Q129193,Kung Fu Panda,2008,631746197
2008,List_of_American_films_of_2008,129,Hancock (film),Q220376,Hancock,2008,624386771
2008,List_of_American_films_of_2008,137,Mamma Mia! (film),Q188850,Mamma Mia!,2008,609896805
2008,List_of_American_films_of_2008,223,Madagascar: Escape 2 Africa,Q188474,Madagascar: Escape 2 Africa,2008,603900354
2008,List_of_American_films_of_2008,229,Quantum of Solace,Q181540,Quantum of Solace,2008,589580482
2008,List_of_American_films_of_2008,97,Iron Man (2008 film),Q192724,Iron Man,2008,585366247
2008,List_of_American_films_of_2008,127,WALL-E,Q104905,WALL-E,2008,534767889
2008,List_of_American_films_of_2008,104,The Chronicles of Narnia: Prince Caspian,Q222023,The Chronicles of Narnia: Prince Caspian,2008,419700000
2008,List_of_American_films_of_2008,112,Sex and the City (film),Q381751,Sex and the City,2008,415300000
2008,List_of_American_films_of_2008,143,The Mummy: Tomb of the Dragon Emperor,Q240713,The Mummy: Tomb of the Dragon Emperor,2008,403449830
2008,List_of_American_films_of_2008,233,Twilight (2008 film),Q160071,Twilight,2008,393600000
2008,List_of_American_films_of_2008,228,Slumdog Millionaire,Q125076,Slumdog Millionaire,2008,377910544
2008,List_of_American_films_of_2008,128,Wanted (2008 film),Q4444,Wanted,2008,342463063
2009,List_of_American_films_of_2009,171,Ponyo,Q236728,Ponyo,2008,15500000000
2009,List_of_American_films_of_2009,298,Avatar (2009 film),Q24871,Avatar,2009,2847379794
2009,List_of_American_films_of_2009,274,The Blind Side (film),Q206497,The Blind Side,2009,975200000
2009,List_of_American_films_of_2009,145,Harry Potter and the Half-Blood Prince (film),Q161687,Harry Potter and the Half-Blood Prince,2009,933959197
2009,List_of_American_films_of_2009,137,Ice Age: Dawn of the Dinosaurs,Q179503,Ice Age: Dawn of the Dinosaurs,2009,886686817
2009,List_of_American_films_of_2009,132,Transformers: Revenge of the Fallen,Q191100,Transformers: Revenge of the Fallen,2009,836303693
2009,List_of_American_films_of_2009,266,2012 (film),Q184605,2012,2009,791217826
2009,List_of_American_films_of_2009,115,Up (2009 film),Q174811,Up,2009,735099082
2009,List_of_American_films_of_2009,276,The Twilight Saga: New Moon,Q116928,The Twilight Saga: New Moon,2009,711020081
2009,List_of_American_films_of_2009,305,Sherlock Holmes (2009 film),Q200396,Sherlock Holmes,2009,524028679
2009,List_of_American_films_of_2009,102,Angels & Demons (film),Q192934,Angels & Demons,2009,485930816
2009,List_of_American_films_of_2009,120,The Hangover,Q219315,The Hangover,2009,467500000
2009,List_of_American_films_of_2009,303,Alvin and the Chipmunks: The Squeakquel,Q378311,Alvin and the Chipmunks: The Squeakquel,2009,443100000
2009,List_of_American_films_of_2009,112,Night at the Museum: Battle of the Smithsonian,Q476726,Night at the Museum: Battle of the Smithsonian,2009,413106170
2009,List_of_American_films_of_2009,101,Star Trek (2009 film),Q213081,Star Trek,2009,385700000
2010,List_of_American_films_of_2010,173,Tales from Earthsea (film),Q721737,Tales from Earthsea,2006,7840000000
2010,List_of_American_films_of_2010,184,Avatar (2009 film),Q24871,Avatar,2009,2847379794
2010,List_of_American_films_of_2010,127,Toy Story 3,Q187278,Toy Story 3,2010,1066969703
2010,List_of_American_films_of_2010,41,Alice in Wonderland (2010 film),Q174385,Alice in Wonderland,2010,1025468216
2010,List_of_American_films_of_2010,233,Harry Potter and the Deathly Hallows – Part 1,Q161678,Harry Potter and the Deathly Hallows – Part 1,2010,976536918
2010,List_of_American_films_of_2010,146,Inception,Q25188,Inception,2010,836848102
2010,List_of_American_films_of_2010,103,Shrek Forever After,Q208131,Shrek Forever After,2010,752600867
2010,List_of_American_films_of_2010,227,Transformers (film),Q171453,Transformers,2007,709709780
2010,List_of_American_films_of_2010,137,The Twilight Saga: Eclipse,Q217010,The Twilight Saga: Eclipse,2010,698491347
2010,List_of_American_films_of_2010,89,Iron Man 2,Q205028,Iron Man 2,2010,623933331
2010,List_of_American_films_of_2010,239,Tangled,Q188439,Tangled,2010,591794936
2010,List_of_American_films_of_2010,141,Despicable Me (film),Q4447,Despicable Me,2010,543113985
2010,List_of_American_films_of_2010,58,How to Train Your Dragon (2010 film),Q373096,How to Train Your Dragon,2010,494900000
2010,List_of_American_films_of_2010,62,Clash of the Titans (2010 film),Q192979,Clash of the Titans,2010,493200000
2010,List_of_American_films_of_2010,243,The Chronicles of Narnia: The Voyage of the Dawn Treader,Q474082,The Chronicles of Narnia: The Voyage of the Dawn Treader,2010,415700000
2011,List_of_American_films_of_2011,104,Harry Potter and the Deathly Hallows – Part 2,Q232009,Harry Potter and the Deathly Hallows – Part 2,2011,1341511219
2011,List_of_American_films_of_2011,94,Transformers: Dark of the Moon,Q232774,Transformers: Dark of the Moon,2011,1123794079
2011,List_of_American_films_of_2011,73,Pirates of the Caribbean: On Stranger Tides,Q183555,Pirates of the Caribbean: On Stranger Tides,2011,1045713802
2011,List_of_American_films_of_2011,137,The Lion King,Q36479,The Lion King,1994,968511805
2011,List_of_American_films_of_2011,177,The Twilight Saga: Breaking Dawn – Part 1,Q60506,The Twilight Saga: Breaking Dawn – Part 1,2011,712205856
2011,List_of_American_films_of_2011,189,Mission: Impossible – Ghost Protocol,Q628154,Mission: Impossible – Ghost Protocol,2011,694713380
2011,List_of_American_films_of_2011,75,Kung Fu Panda 2,Q487447,Kung Fu Panda 2,2011,665692281
2011,List_of_American_films_of_2011,62,Fast Five,Q401976,Fast Five,2011,626137675
2011,List_of_American_films_of_2011,76,The Hangover Part II,Q274748,The Hangover Part II,2011,586764305
2011,List_of_American_films_of_2011,112,The Smurfs (film),Q454398,The Smurfs,2011,563749323
2011,List_of_American_films_of_2011,92,Cars 2,Q192212,Cars 2,2011,559852396
2011,List_of_American_films_of_2011,168,Puss in Boots (2011 film),Q324262,Puss in Boots,2011,554987477
2011,List_of_American_films_of_2011,188,Sherlock Holmes: A Game of Shadows,Q243643,Sherlock Holmes: A Game of Shadows,2011,543848418
2011,List_of_American_films_of_2011,54,Rio (2011 film),Q223359,Rio,2011,484634335
2011,List_of_American_films_of_2011,116,Rise of the Planet of the Apes,Q243983,Rise of the Planet of the Apes,2011,481800873
2012,List_of_American_films_of_2012,51,Titanic (1997 film),Q44578,Titanic,1997,1850197130
2012,List_of_American_films_of_2012,69,The Avengers (2012 film),Q182218,The Avengers,2012,1518812988
2012,List_of_American_films_of_2012,186,Skyfall,Q4941,Skyfall,2012,1108561013
2012,List_of_American_films_of_2012,109,The Dark Knight Rises,Q189330,The Dark Knight Rises,2012,1081169825
2012,List_of_American_films_of_2012,24,Star Wars: Episode I – The Phantom Menace,Q165713,Star Wars: Episode I – The Phantom Menace,1999,1027082707
2012,List_of_American_films_of_2012,204,The Hobbit: An Unexpected Journey,Q80379,The Hobbit: An Unexpected Journey,2012,1017003568
2012,List_of_American_films_of_2012,145,Finding Nemo,Q132863,Finding Nemo,2003,969023261
2012,List_of_American_films_of_2012,107,Ice Age: Continental Drift,Q35951,Ice Age: Continental Drift,2012,877244782
2012,List_of_American_films_of_2012,187,The Twilight Saga: Breaking Dawn – Part 2,Q60487,The Twilight Saga: Breaking Dawn – Part 2,2012,829746820
2012,List_of_American_films_of_2012,103,The Amazing Spider-Man (2012 film),Q229808,The Amazing Spider-Man,2012,757930663
2012,List_of_American_films_of_2012,85,Madagascar 3: Europe's Most Wanted,Q244247,Madagascar 3: Europe's Most Wanted,2012,746921274
2012,List_of_American_films_of_2012,47,The Hunger Games (film),Q212965,The Hunger Games,2012,695220619
2012,List_of_American_films_of_2012,206,"Monsters, Inc.",Q187726,"Monsters, Inc.",2001,632316649
2012,List_of_American_films_of_2012,80,Men in Black 3,Q327713,Men in Black 3,2012,624026776
2012,List_of_American_films_of_2012,192,Life of Pi (film),Q152780,Life of Pi,2012,609016565
2013,List_of_American_films_of_2013,208,Frozen (2013 film),Q246283,Frozen,2013,1281508100
2013,List_of_American_films_of_2013,75,Iron Man 3,Q209538,Iron Man 3,2013,1214811252
2013,List_of_American_films_of_2013,58,Jurassic Park 3D,Q167726,Jurassic Park,1993,1030314141
2013,List_of_American_films_of_2013,119,Despicable Me 2,Q637212,Despicable Me 2,2013,970766005
2013,List_of_American_films_of_2013,215,The Hobbit: The Desolation of Smaug,Q719915,The Hobbit: The Desolation of Smaug,2013,958366855
2013,List_of_American_films_of_2013,204,The Hunger Games: Catching Fire,Q574583,The Hunger Games: Catching Fire,2013,865011746
2013,List_of_American_films_of_2013,93,Fast & Furious 6,Q5516100,Fast & Furious 6,2013,788680968
2013,List_of_American_films_of_2013,111,Monsters University,Q641362,Monsters University,2013,743559607
2013,List_of_American_films_of_2013,180,Gravity (2013 film),Q2579784,Gravity,2013,723192705
2013,List_of_American_films_of_2013,109,Man of Steel (film),Q622769,Man of Steel,2013,668045518
2013,List_of_American_films_of_2013,199,Thor: The Dark World,Q1201853,Thor: The Dark World,2013,644783140
2013,List_of_American_films_of_2013,46,The Croods,Q495850,The Croods,2013,587204668
2013,List_of_American_films_of_2013,112,World War Z (film),Q28196,World War Z,2013,540007876
2013,List_of_American_films_of_2013,41,Oz the Great and Powerful,Q590216,Oz the Great and Powerful,2013,493311825
2013,List_of_American_films_of_2013,85,Star Trek Into Darkness,Q171711,Star Trek Into Darkness,2013,467381584
2014,List_of_American_films_of_2014,111,Transformers: Age of Extinction,Q6151665,Transformers: Age of Extinction,2014,1104054072
2014,List_of_American_films_of_2014,218,The Hobbit: The Battle of the Five Armies,Q919649,The Hobbit: The Battle of the Five Armies,2014,956019788
2014,List_of_American_films_of_2014,136,Guardians of the Galaxy (film),Q5887360,Guardians of the Galaxy,2014,772776600
2014,List_of_American_films_of_2014,94,Maleficent (film),Q172271,Maleficent,2014,758410378
2014,List_of_American_films_of_2014,209,The Hunger Games: Mockingjay – Part 1,Q4142083,The Hunger Games: Mockingjay – Part 1,2014,755356711
2014,List_of_American_films_of_2014,92,X-Men: Days of Future Past,Q4985891,X-Men: Days of Future Past,2014,746045700
2014,List_of_American_films_of_2014,62,Captain America: The Winter Soldier,Q1765358,Captain America: The Winter Soldier,2014,714421503
2014,List_of_American_films_of_2014,117,Dawn of the Planet of the Apes,Q11220194,Dawn of the Planet of the Apes,2014,710644566
2014,List_of_American_films_of_2014,78,The Amazing Spider-Man 2,Q4254026,The Amazing Spider-Man 2,2014,708982323
2014,List_of_American_films_of_2014,197,Interstellar (film),Q13417189,Interstellar,2014,701729206
2014,List_of_American_films_of_2014,200,Big Hero 6 (film),Q13091172,Big Hero 6,2014,657827828
2014,List_of_American_films_of_2014,102,How to Train Your Dragon 2,Q10298666,How to Train Your Dragon 2,2014,621537519
2014,List_of_American_films_of_2014,222,American Sniper,Q16970789,American Sniper,2014,547426372
2014,List_of_American_films_of_2014,87,Godzilla (2014 film),Q7731172,Godzilla,2014,524976069
2014,List_of_American_films_of_2014,67,Rio 2,Q6296387,Rio 2,2014,500100000
2015,List_of_American_films_of_2015,194,Star Wars: The Force Awakens,Q6074,Star Wars: Episode VII – The Force Awakens,2015,2068223624
2015,List_of_American_films_of_2015,101,Jurassic World,Q3512046,Jurassic World,2015,1670400637
2015,List_of_American_films_of_2015,61,Furious 7,Q14650496,Furious 7,2015,1515047671
2015,List_of_American_films_of_2015,82,Avengers: Age of Ultron,Q14171368,Avengers: Age of Ultron,2015,1402805868
2015,List_of_American_films_of_2015,109,Minions (film),Q13619743,Minions,2015,1159398397
2015,List_of_American_films_of_2015,176,Spectre (2015 film),Q18602670,Spectre,2015,880674609
2015,List_of_American_films_of_2015,104,Inside Out (2015 film),Q6144664,Inside Out,2015,857611174
2015,List_of_American_films_of_2015,125,Mission: Impossible – Rogue Nation,Q17548046,Mission: Impossible – Rogue Nation,2015,682716636
2015,List_of_American_films_of_2015,185,The Hunger Games: Mockingjay – Part 2,Q10307713,The Hunger Games: Mockingjay – Part 2,2015,661456563
2015,List_of_American_films_of_2015,152,The Martian (film),Q18547944,The Martian,2015,630161890
2015,List_of_American_films_of_2015,28,Fifty Shades of Grey (film),Q14566553,Fifty Shades of Grey,2015,569651467
2015,List_of_American_films_of_2015,44,Cinderella (2015 American film),Q15046091,Cinderella,2015,542351353
2015,List_of_American_films_of_2015,202,The Revenant (2015 film),Q18002795,The Revenant,2015,532950503
2015,List_of_American_films_of_2015,116,Ant-Man (film),Q5901134,Ant-Man,2015,519311965
2015,List_of_American_films_of_2015,146,Hotel Transylvania 2,Q15270775,Hotel Transylvania 2,2015,474800000
2016,List_of_American_films_of_2016,67,Captain America: Civil War,Q18407657,Captain America: Civil War,2016,1153296293
2016,List_of_American_films_of_2016,175,Rogue One,Q19590955,Rogue One: A Star Wars Story,2016,1056057273
2016,List_of_American_films_of_2016,84,Finding Dory,Q9321426,Finding Dory,2016,1028570889
2016,List_of_American_films_of_2016,28,Zootopia,Q15270647,Zootopia,2016,1023784195
2016,List_of_American_films_of_2016,56,The Jungle Book (2016 film),Q16857406,The Jungle Book,2016,966550600
2016,List_of_American_films_of_2016,96,The Secret Life of Pets,Q18844656,The Secret Life of Pets,2016,875457937
2016,List_of_American_films_of_2016,43,Batman v Superman: Dawn of Justice,Q14772351,Batman v Superman: Dawn of Justice,2016,873637528
2016,List_of_American_films_of_2016,162,Fantastic Beasts and Where to Find Them (film),Q18199330,Fantastic Beasts and Where to Find Them,2016,814044001
2016,List_of_American_films_of_2016,19,Deadpool (film),Q19347291,Deadpool,2016,782836791
2016,List_of_American_films_of_2016,110,Suicide Squad (2016 film),Q18604504,Suicide Squad,2016,746846894
2016,List_of_American_films_of_2016,166,Moana (2016 film),Q18647981,Moana,2016,690845539
2016,List_of_American_films_of_2016,154,Doctor Strange (2016 film),Q18406872,Doctor Strange,2016,677718395
2016,List_of_American_films_of_2016,179,Sing (2016 American film),Q20762698,Sing,2016,634151679
2016,List_of_American_films_of_2016,75,X-Men: Apocalypse,Q17042878,X-Men: Apocalypse,2016,543934105
2016,List_of_American_films_of_2016,12,Kung Fu Panda 3,Q15055043,Kung Fu Panda 3,2016,521200000
2017,List_of_American_films_of_2017,228,Star Wars: The Last Jedi,Q18486021,Star Wars: Episode VIII – The Last Jedi,2017,1332698830
2017,List_of_American_films_of_2017,47,Beauty and the Beast (2017 film),Q19946102,Beauty and the Beast,2017,1263521126
2017,List_of_American_films_of_2017,70,The Fate of the Furious,Q19829521,The Fate of the Furious,2017,1236005118
2017,List_of_American_films_of_2017,122,Despicable Me 3,Q22997984,Despicable Me 3,2017,1034799409
2017,List_of_American_films_of_2017,231,Jumanji: Welcome to the Jungle,Q20762680,Jumanji: Welcome to the Jungle,2017,962102237
2017,List_of_American_films_of_2017,128,Spider-Man: Homecoming,Q23010088,Spider-Man: Homecoming,2017,880166924
2017,List_of_American_films_of_2017,85,Guardians of the Galaxy Vol. 2,Q20001199,Guardians of the Galaxy Vol. 2,2017,863756051
2017,List_of_American_films_of_2017,207,Thor: Ragnarok,Q22665878,Thor: Ragnarok,2017,853977126
2017,List_of_American_films_of_2017,102,Wonder Woman (2017 film),Q20502242,Wonder Woman,2017,822854286
2017,List_of_American_films_of_2017,221,Coco (2017 film),Q5815826,Coco,2017,807817888
2017,List_of_American_films_of_2017,99,Pirates of the Caribbean: Dead Men Tell No Tales,Q10350033,Pirates of the Caribbean: Dead Men Tell no Tales,2017,794881442
2017,List_of_American_films_of_2017,164,It (2017 film),Q25136484,It,2017,701842551
2017,List_of_American_films_of_2017,215,Justice League (film),Q20501835,Justice League,2017,657926987
2017,List_of_American_films_of_2017,38,Logan (film),Q24053263,Logan,2017,619021436
2017,List_of_American_films_of_2017,116,Transformers: The Last Knight,Q24251026,Transformers: The Last Knight,2017,605425157
2018,List_of_American_films_of_2018,77,Avengers: Infinity War,Q23780914,Avengers: Infinity War,2018,2048359754
2018,List_of_American_films_of_2018,25,Black Panther (film),Q23780734,Black Panther,2018,1347597973
2018,List_of_American_films_of_2018,112,Jurassic World: Fallen Kingdom,Q21877685,Jurassic World: Fallen Kingdom,2018,1310466296
2018,List_of_American_films_of_2018,109,Incredibles 2,Q24832112,Incredibles 2,2018,1242805359
2018,List_of_American_films_of_2018,244,Aquaman (film),Q22998395,Aquaman,2018,1148528393
2018,List_of_American_films_of_2018,210,Bohemian Rhapsody (film),Q27894574,Bohemian Rhapsody,2018,903655259
2018,List_of_American_films_of_2018,188,Venom (2018 film),Q23006268,Venom,2018,856085151
2018,List_of_American_films_of_2018,135,Mission: Impossible – Fallout,Q29261993,Mission: Impossible – Fallout,2018,791657398
2018,List_of_American_films_of_2018,90,Deadpool 2,Q25431158,Deadpool 2,2018,785896609
2018,List_of_American_films_of_2018,224,Fantastic Beasts: The Crimes of Grindelwald,Q18199331,Fantastic Beasts: The Crimes of Grindelwald,2018,654855901
2018,List_of_American_films_of_2018,123,Ant-Man and the Wasp,Q22957393,Ant-Man and the Wasp,2018,622674139
2018,List_of_American_films_of_2018,56,Ready Player One (film),Q22000542,Ready Player One,2018,582890172
2018,List_of_American_films_of_2018,146,The Meg,Q27957869,The Meg,2018,530243742
2018,List_of_American_films_of_2018,228,Ralph Breaks the Internet,Q25167044,Ralph Breaks the Internet,2018,529323962
2018,List_of_American_films_of_2018,126,Hotel Transylvania 3: Summer Vacation,Q28840385,Hotel Transylvania 3: Summer Vacation,2018,528583774
2019,List_of_American_films_of_2019,73,Avengers: Endgame,Q23781155,Avengers: Endgame,2019,2797501328
2019,List_of_American_films_of_2019,128,The Lion King (2019 film),Q27044293,The Lion King,2019,1654735262
2019,List_of_American_films_of_2019,120,Spider-Man: Far From Home,Q27985819,Spider-Man: Far From Home,2019,1131927996
2019,List_of_American_films_of_2019,32,Captain Marvel (film),Q23781129,Captain Marvel,2019,1128462972
2019,List_of_American_films_of_2019,223,Frozen 2,Q24733929,Frozen 2,2019,1119151068
2019,List_of_American_films_of_2019,180,Joker (2019 film),Q42759035,Joker,2019,1074458282
2019,List_of_American_films_of_2019,243,Star Wars: The Rise of Skywalker,Q20977110,Star Wars: Episode IX – The Rise of Skywalker,2019,1074144248
2019,List_of_American_films_of_2019,113,Toy Story 4,Q18517638,Toy Story 4,2019,1073166397
2019,List_of_American_films_of_2019,93,Aladdin (2019 film),Q27188178,Aladdin,2019,1050693953
2019,List_of_American_films_of_2019,235,Jumanji: The Next Level,Q60501923,Jumanji: The Next Level,2019,800059707
2019,List_of_American_films_of_2019,133,Hobbs & Shaw,Q56559254,Hobbs & Shaw,2019,759056935
2019,List_of_American_films_of_2019,27,How to Train Your Dragon: The Hidden World,Q22970530,How to Train Your Dragon: The Hidden World,2019,524535083
2019,List_of_American_films_of_2019,160,It Chapter Two,Q42726338,It: Chapter Two,2019,473122525
2019,List_of_American_films_of_2019,82,Pokémon Detective Pikachu,Q47492499,Detective Pikachu,2019,449762638
2019,List_of_American_films_of_2019,99,Godzilla: King of the Monsters (2019 film),Q17501972,Godzilla: King of the Monsters,2019,385900138
2020,List_of_American_films_of_2020,9,Bad Boys for Life,Q29021224,Bad Boys for Life,2020,419074646
2020,List_of_American_films_of_2020,151,Tenet,Q63985561,Tenet,2020,361300000
2020,List_of_American_films_of_2020,19,Birds of Prey (2020 film),Q57177410,Birds of Prey and the Fantabulous Emancipation of One Harley Quinn,2020,205372791
2020,List_of_American_films_of_2020,273,Wonder Woman 1984,Q33408623,Wonder Woman 1984,2020,169601036
2020,List_of_American_films_of_2020,41,Onward (film),Q59690895,Onward,2020,141940042
2020,List_of_American_films_of_2020,274,Soul (2020 film),Q64744044,Soul,2020,120957731
2020,List_of_American_films_of_2020,12,The Gentlemen (2019 film),Q60614686,The Gentlemen,2020,114996853
2020,List_of_American_films_of_2020,30,The Call of the Wild (2020 film),Q57982258,The Call of the Wild,2020,107604626
2020,List_of_American_films_of_2020,266,Greenland (film),Q73897733,Greenland,2020,52300000
2020,List_of_American_films_of_2020,143,The New Mutants (film),Q28912376,The New Mutants,2020,49169594
2020,List_of_American_films_of_2020,136,Unhinged (2020 film),Q85811980,Unhinged,2020,44300000
2020,List_of_American_films_of_2020,265,Monster Hunter (film),Q56906869,Monster Hunter,2020,42145959
2020,List_of_American_films_of_2020,2,Underwater (film),Q33105130,Underwater,2020,40882928
2020,List_of_American_films_of_2020,199,Honest Thief,Q59238943,Honest Thief,2020,31220247
2020,List_of_American_films_of_2020,48,Bloodshot (film),Q56033171,Bloodshot,2020,30669219
2021,List_of_American_films_of_2021,353,Spider-Man: No Way Home,Q68934496,Spider-Man: No Way Home,2021,1921847111
2021,List_of_American_films_of_2021,148,F9 (film),Q29466808,F9,2021,726229501
2021,List_of_American_films_of_2021,270,Venom: Let There Be Carnage,Q60498064,Venom: Let There Be Carnage,2021,493472195
2021,List_of_American_films_of_2021,70,Godzilla vs. Kong,Q56307503,Godzilla vs. Kong,2021,468216094
2021,List_of_American_films_of_2021,230,Shang-Chi and the Legend of the Ten Rings,Q65768589,Shang-Chi and the Legend of the Ten Rings,2021,432243292
2021,List_of_American_films_of_2021,310,Eternals (film),Q23894629,Eternals,2021,402064899
2021,List_of_American_films_of_2021,294,Dune (2021 film),Q60834962,Dune,2021,401847900
2021,List_of_American_films_of_2021,167,Black Widow (2021 film),Q23894626,Black Widow,2021,379751655
2021,List_of_American_films_of_2021,205,Free Guy,Q38685497,Free Guy,2021,330600000
2021,List_of_American_films_of_2021,331,Encanto,Q103372692,Encanto,2021,255405360
2021,List_of_American_films_of_2021,122,The Conjuring: The Devil Made Me Do It,Q64145552,The Conjuring: The Devil Made Me Do It,2021,206444123
2021,List_of_American_films_of_2021,324,Ghostbusters: Afterlife,Q61883088,Ghostbusters: Afterlife,2021,197360575
2021,List_of_American_films_of_2021,196,The Suicide Squad (film),Q57317060,The Suicide Squad,2021,168717425
2021,List_of_American_films_of_2021,171,Space Jam: A New Legacy,Q56850065,Space Jam: A New Legacy,2021,163732928
2021,List_of_American_films_of_2021,161,The Boss Baby: Family Business,Q11640531,The Boss Baby: Family Business,2021,146745280
2022,List_of_American_films_of_2022,314,Avatar: The Way of Water,Q3604746,Avatar: The Way of Water,2022,2176229105
2022,List_of_American_films_of_2022,106,Top Gun: Maverick,Q31202708,Top Gun: Maverick,2022,1443725344
2022,List_of_American_films_of_2022,119,Jurassic World Dominion,Q55178974,Jurassic World Dominion,2022,1001978080
2022,List_of_American_films_of_2022,88,Doctor Strange in the Multiverse of Madness,Q64211112,Doctor Strange in the Multiverse of Madness,2021,955775804
2022,List_of_American_films_of_2022,276,Black Panther: Wakanda Forever,Q54860489,Black Panther: Wakanda Forever,2022,859208836
2022,List_of_American_films_of_2022,42,The Batman (film),Q61117344,The Batman,2022,770945583
2022,List_of_American_films_of_2022,145,Thor: Love and Thunder,Q65768604,Thor: Love and Thunder,2021,760928081
2022,List_of_American_films_of_2022,139,Minions: The Rise of Gru,Q60997779,Minions: The Rise of Gru,2022,760095375
2022,List_of_American_films_of_2022,75,Fantastic Beasts: The Secrets of Dumbledore,Q18199332,Fantastic Beasts: The Secrets of Dumbledore,2022,405161334
2022,List_of_American_films_of_2022,70,Sonic the Hedgehog 2 (film),Q105970894,Sonic the Hedgehog 2,2022,401872904
2022,List_of_American_films_of_2022,251,Black Adam (film),Q28657013,Black Adam,2022,392952111
2022,List_of_American_films_of_2022,131,Elvis (2022 film),Q84362533,Elvis,2022,272075000
2022,List_of_American_films_of_2022,78,The Bad Guys (film),Q97288428,The Bad Guys,2022,245713440
2022,List_of_American_films_of_2022,170,Bullet Train (film),Q99900595,Bullet Train,2022,239246943
2022,List_of_American_films_of_2022,31,Uncharted (film),Q67171881,Uncharted,2022,231194293
2023,List_of_American_films_of_2023,77,The Super Mario Bros. Movie,Q108671102,The Super Mario Bros. Movie,2023,1346395054
2023,List_of_American_films_of_2023,169,Barbie (film),Q55436290,Barbie,2023,1345183126
2023,List_of_American_films_of_2023,170,Oppenheimer (film),Q108839994,Oppenheimer,2023,955300000
2023,List_of_American_films_of_2023,108,Guardians of the Galaxy Vol. 3,Q29226331,Guardians of the Galaxy Vol. 3,2023,845555777
2023,List_of_American_films_of_2023,127,The Little Mermaid (2023 film),Q24357415,The Little Mermaid,2023,569626289
2023,List_of_American_films_of_2023,34,Ant-Man and the Wasp: Quantumania,Q105359456,Ant-Man and the Wasp: Quantumania,2023,476069301
2023,List_of_American_films_of_2023,298,The Hunger Games: The Ballad of Songbirds & Snakes,Q96377121,The Hunger Games: The Ballad of Songbirds and Snakes,2023,315300000
2023,List_of_American_films_of_2023,142,The Flash (film),Q23562553,The Flash,2023,270633313
2023,List_of_American_films_of_2023,159,Sound of Freedom (film),Q85847274,Sound of Freedom,2023,231000000
2023,List_of_American_films_of_2023,290,The Marvels,Q89474225,The Marvels,2023,206136557
2023,List_of_American_films_of_2023,210,The Equalizer 3,Q114818951,The Equalizer 3,2023,182800000
2023,List_of_American_films_of_2023,62,John Wick: Chapter 4,Q80322358,John Wick: Chapter 4,2023,137817950
2023,List_of_American_films_of_2023,55,Shazam! Fury of the Gods,Q84712809,Shazam! Fury of the Gods,2023,133438006
2023,List_of_American_films_of_2023,219,A Haunting in Venice,Q114589148,A Haunting in Venice,2023,122200000
2023,List_of_American_films_of_2023,202,Gran Turismo (film),Q112909147,Gran Turismo,2023,122076738
2024,List_of_American_films_of_2024,263,Deadpool & Wolverine,Q102180106,Deadpool & Wolverine,2024,1338073645
2024,List_of_American_films_of_2024,204,Inside Out 2,Q113877606,Inside Out 2,2024,835300000
2024,List_of_American_films_of_2024,458,Mufasa: The Lion King,Q114242678,Mufasa: The Lion King,2024,721078136
2024,List_of_American_films_of_2024,318,Beetlejuice Beetlejuice,Q112865900,Beetlejuice Beetlejuice,2024,425500000
2024,List_of_American_films_of_2024,286,Alien: Romulus,Q115932544,Alien: Romulus,2024,350447667
2024,List_of_American_films_of_2024,361,Joker: Folie à Deux,Q108628759,Joker: Folie à Deux,2024,204000000
2024,List_of_American_films_of_2024,101,Ghostbusters: Frozen Empire,Q113300586,Ghostbusters: Frozen Empire,2024,195300000
2024,List_of_American_films_of_2024,422,Wicked (2024 film),Q24797403,Wicked,2024,194900000
2024,List_of_American_films_of_2024,246,Longlegs,Q116470610,Longlegs,2024,128000000
2024,List_of_American_films_of_2024,372,Terrifier 3,Q119821866,Terrifier 3,2024,90300000
2024,List_of_American_films_of_2024,269,Trap (2024 film),Q124077893,Trap,2024,83677281
2024,List_of_American_films_of_2024,448,Kraven the Hunter (film),Q107390449,Kraven the Hunter,2024,61985742
2024,List_of_American_films_of_2024,410,Heretic (film),Q122933268,Heretic,2024,59200000
2024,List_of_American_films_of_2024,465,Babygirl,Q123861757,Babygirl,2024,36900000
2024,List_of_American_films_of_2024,336,Never Let Go (2024 film),Q124619782,Never Let Go,2024,21800000
2025,List_of_American_films_of_2025,168,Lilo & Stitch (2025 film),Q59395971,Lilo & Stitch,2025,1030541425
2025,List_of_American_films_of_2025,290,The Conjuring: Last Rites,Q114802043,The Conjuring: Last Rites,2025,460164908
2025,List_of_American_films_of_2025,217,Superman (2025 film),Q116547790,Superman,2025,406800000
2025,List_of_American_films_of_2025,187,How to Train Your Dragon (2025 film),Q118904382,How to Train Your Dragon,2025,371482710
2025,List_of_American_films_of_2025,328,One Battle After Another,Q117085614,One Battle After Another,2025,209586604
2025,List_of_American_films_of_2025,193,28 Years Later,Q125392328,28 Years Later,2025,151200000
2025,List_of_American_films_of_2025,360,Black Phone 2,Q124435493,Black Phone 2,2025,128000000
2025,List_of_American_films_of_2025,239,Together (2025 film),Q131870558,Together,2025,28000000
2025,List_of_American_films_of_2025,477,Marty Supreme,Q130118681,Marty Supreme,2025,28000000
2025,List_of_American_films_of_2025,17,Presence (2024 film),Q123690382,Presence,2024,10500000
2025,List_of_American_films_of_2025,410,Arco (film),Q134571218,Arco,2025,3739391
2025,List_of_American_films_of_2025,77,Opus (film),Q123754013,Opus,2025,2200000
2025,List_of_American_films_of_2025,425,Sisu: Road to Revenge,Q125020375,Sisu: Road to Revenge,2025,1900000
2025,List_of_American_films_of_2025,232,The Home (2025 film),Q123050485,The Home,2025,1700000
2025,List_of_American_films_of_2025,1,The Damned (2024 Palsson film),Q124426106,The Damned,2024,1300000
